Job Title,Company Name,Job Description,Study Level,Experience Level,Contract Type,Region,Skills,Posting Date,Job Link
Business Developer Anglophone​ - Ariana,SMART CONSEIL,,"Bac, Bac+1, Bac+2, Bac+3, Bac+4 & Bac+5 et plus","Etudiant, jeune diplômé et plus","CDI, CDD & Stage",Ariana & International,Gestion d'Équipe - Prospection - Vente,30.11.2024,https://www.emploitunisie.com/offre-emploi-tunisie/business-developer-anglophone-ariana-207891
Community Manager - Monastir,TAHRI COMPAGNE,,Bac+3,Débutant < 2 ans et plus,CDI,Monastir,Analyse Marketing - Communication - Communication Digitale - Community Management - Digital Community - Digital Marketing - Management Digital - Marketing - PHOTOSHOP - Stratégie de Communication - Télémarketing,30.11.2024,https://www.emploitunisie.com/offre-emploi-tunisie/community-manager-monastir-221714
Docteur en Data Science ou en Informatique - Ariana,SMART CONSEIL,,Bac+5 et plus,Expérience entre 2 ans et 5 ans et plus,CDI - CDD,Ariana - Béja - Ben Arous - Bizerte - Gabès - Gafsa - Jendouba,,30.11.2024,https://www.emploitunisie.com/offre-emploi-tunisie/docteur-data-science-informatique-ariana-197640
Formation en Data Engineer (F/H) - Paris,KAISCHOOL,,"Bac+3, Bac+4 & Bac+5 et plus","Etudiant, jeune diplômé et plus",Alternance,International,APACHE - BIG DATA - Comptabilité - Finance - Gestion - HADOOP - JAVA - PYTHON - SPARK - SQL,30.11.2024,https://www.emploitunisie.com/offre-emploi-tunisie/formation-data-engineer-fh-paris-208392
Consultant Fonctionnel Sage XRT ou Sage FRP 1000 Trésorerie - El Menzeh 4,DELTASOFT INTERNATIONAL,,Bac+5 et plus,Expérience entre 2 ans et 5 ans,CDI - Statutaire,Ariana - Béja - Ben Arous - Bizerte - Gabès - Gafsa - Jendouba,Comptabilité - Finance - Gestion - SAGE - TMS - Trésorerie - XRT,30.11.2024,https://www.emploitunisie.com/offre-emploi-tunisie/consultant-fonctionnel-sage-xrt-sage-frp-1000-tresorerie-el-menzeh-4-208907
Chargé(e) de Partenariats et Relations Presse - Ariana,SMART CONSEIL,,"Qualification avant bac, Bac, Bac+1, Bac+2, Bac+3, Bac+4 & Bac+5 et plus","Etudiant, jeune diplômé et plus","CDI, CDD, Intérim, Stage & Temps partiel",International,Communication - Communication Externe - Rédaction,30.11.2024,https://www.emploitunisie.com/offre-emploi-tunisie/chargee-partenariats-relations-presse-ariana-210189
Technico-commercial - Tunis,SEMO ART ET DECO,,"Bac+2, Bac+3, Bac+4 & Bac+5 et plus",Expérience entre 2 ans et 5 ans et plus,CDD,Ariana - Manouba & Tunis,3DS MAX - Architecture d'Intérieur - Devis - Vente,30.11.2024,https://www.emploitunisie.com/offre-emploi-tunisie/technico-commercial-tunis-217602
Coordinateur(trice) Pédagogique et Administrative - Tunis,ECOLE CONTE,,Bac+4 & Bac+5 et plus,Débutant < 2 ans & Expérience entre 2 ans et 5 ans,CDI,Tunis,Accompagnement - Administration - Assistanat - Dossiers - Dossiers Administratifs - Gestion Administrative - POWERPOINT - Secrétariat - Support - WORD,30.11.2024,https://www.emploitunisie.com/offre-emploi-tunisie/coordinateurtrice-pedagogique-administrative-tunis-220169
Spécialiste Contrôle Qualité - Raoued,MACOPHARMA,,Bac+4 & Bac+5 et plus,Débutant < 2 ans et plus,CDD,Ariana,Assurance Qualité - Chimie - GMP - Maintenance - Microbiologie - Non-Conformité - Processus - Production - Qualité,30.11.2024,https://www.emploitunisie.com/offre-emploi-tunisie/specialiste-controle-qualite-raoued-220424
Web Développer - Monastir,TAHRI COMPAGNE,,Bac+5 et plus,Expérience entre 2 ans et 5 ans et plus,CDI,Monastir,Communication - CSS - Design - HTML - JAVASCRIPT - Marketing - SEO,30.11.2024,https://www.emploitunisie.com/offre-emploi-tunisie/web-developper-monastir-221704
Femme de Chambre / Ménage  - Tunis,VILLA LES PALMES,,Qualification avant bac,Débutant < 2 ans,Statutaire,Tunis,Tourisme,29.11.2024,https://www.emploitunisie.com/offre-emploi-tunisie/femme-chambre-menage-tunis-138108
Coiffeur Maquilleur H/F,MAGIC HAIR,,Bac,Expérience entre 2 ans et 5 ans,CDI & CDD,Tunis,,29.11.2024,https://www.emploitunisie.com/offre-emploi-tunisie/coiffeur-maquilleur-hf-160917
Secrétaire de Garage Mécanique H/F - Ariana,GARAGE MÉCANIQUE,,Bac,Expérience entre 2 ans et 5 ans,CDI,Ariana,Accueil Physique - Assistanat - Devis - Dossiers - DU - Gestion Administrative - Maintenance - Production - Qualité - Secrétariat - Support,29.11.2024,https://www.emploitunisie.com/offre-emploi-tunisie/secretaire-garage-mecanique-hf-ariana-163757
"Commercial en Assurance Auto, Vie et Santé - Tunis",ATOLL-SERVICES,,Bac+3,Expérience entre 2 ans et 5 ans,CDI,Ariana - Ben Arous & Tunis,Techniques de Vente - Télévente - Vente,29.11.2024,https://www.emploitunisie.com/offre-emploi-tunisie/commercial-assurance-auto-vie-sante-tunis-172197
Agent de Transit  - Tunis Carthage,AGS CARTHAGO MOVING AND STORAGE,,Bac,Expérience entre 2 ans et 5 ans,CDI,Ben Arous & Tunis,Transit - Transport,29.11.2024,https://www.emploitunisie.com/offre-emploi-tunisie/agent-transit-tunis-carthage-183701
Chauffeur Livreur,AGRIA-GROUP,,Bac,Expérience entre 2 ans et 5 ans,Statutaire,Monastir,Livraison - Sécurité - Sécurité Routière - Transport,29.11.2024,https://www.emploitunisie.com/offre-emploi-tunisie/chauffeur-livreur-184768
Technicien Supérieur,TECHNOPRO,,Bac+3,"Etudiant, jeune diplômé",CDD & Stage,Sfax,Production - Qualité,29.11.2024,https://www.emploitunisie.com/offre-emploi-tunisie/technicien-superieur-184995
Magasinier,AGRIA-GROUP,,Bac+1,Expérience entre 2 ans et 5 ans,Statutaire,Monastir,Achats - Chargement - Déchargement - Distribution - Entrepôt - Inventaire - Livraison - Rangement - Stockage - Stocks - Transport,29.11.2024,https://www.emploitunisie.com/offre-emploi-tunisie/magasinier-185443
Web & Graphique Designer H/F - la Marsa,DIGITAURA MARKETING AGENCY,,"Bac+2, Bac+3, Bac+4 & Bac+5 et plus",Débutant < 2 ans et plus,CDD,Ariana & Tunis,Assembly Design - CSS - Design - HTML - Newsletters - UI - UX,29.11.2024,https://www.emploitunisie.com/offre-emploi-tunisie/web-graphique-designer-hf-marsa-194959
Community Manager / Content Creator - la Marsa,DIGITAURA MARKETING AGENCY,,"Bac+2, Bac+3, Bac+4 & Bac+5 et plus",Débutant < 2 ans et plus,Temps partiel,Tunis,Communication - Community Management - Content Marketing - Design - Marketing - Médias - Rédaction,29.11.2024,https://www.emploitunisie.com/offre-emploi-tunisie/community-manager-content-creator-marsa-197070
 Administrateur de Site  - Tunis Berges Du Lac Ou Montplaisir,CC SERVICES ,,"Bac+3, Bac+4 & Bac+5 et plus","Etudiant, jeune diplômé et plus",CDI,Tunis,ASP - CSS - DREAMWEAVER - HTML - ILLUSTRATOR - JAVASCRIPT - MYSQL - PHOTOSHOP - SQL - WORDPRESS - XML,29.11.2024,https://www.emploitunisie.com/offre-emploi-tunisie/administrateur-site-tunis-berges-lac-montplaisir-197490
Assistante Administrative et Commerciale - Tunis,CC SERVICES ,,"Bac+3, Bac+4 & Bac+5 et plus","Etudiant, jeune diplômé et plus",CDI,Tunis,Assistanat - Assistance - Assistance Administrative - Communication - Communication RH - Community Management - Fiches - Formation - MAILCHIMP - Marketing - Newsletters - POWERPOINT - Rédaction - Secrétariat,29.11.2024,https://www.emploitunisie.com/offre-emploi-tunisie/assistante-administrative-commerciale-tunis-197495
Assistant Commercial  - El Ghazela,SMART CONSEIL,,"Bac+2, Bac+3, Bac+4 & Bac+5 et plus",Débutant < 2 ans et plus,"CDD, Intérim & Stage",Ariana - Ben Arous - Manouba & Tunis,,29.11.2024,https://www.emploitunisie.com/offre-emploi-tunisie/assistant-commercial-el-ghazela-197696
Technicien de Production - la Marsa,HEISENBERG LABORATORY,,"Bac+2, Bac+3, Bac+4 & Bac+5 et plus",Débutant < 2 ans et plus,CDD,Ariana & Tunis,BTP,29.11.2024,https://www.emploitunisie.com/offre-emploi-tunisie/technicien-production-marsa-198373
Téléacteur - Nabeul,NEOPOLIS,,"Bac+2, Bac+3, Bac+4 & Bac+5 et plus",Expérience entre 2 ans et 5 ans et plus,CDI,Nabeul & International,Prise de RDV - Téléprospection,29.11.2024,https://www.emploitunisie.com/offre-emploi-tunisie/teleacteur-nabeul-198542
Commercial Sédentaire - Nabeul,NEOPOLIS,,"Bac+2, Bac+3, Bac+4 & Bac+5 et plus",Expérience entre 2 ans et 5 ans et plus,CDI,Nabeul & International,Conseil - Prospection - Prospection Commerciale - Télémarketing - Télévente - Vente,29.11.2024,https://www.emploitunisie.com/offre-emploi-tunisie/commercial-sedentaire-nabeul-198543
"Chargé(e) de Recrutement et de Formation​ - Technopôle El Gazala, Ariana, Tunisie",SMART CONSEIL,,Bac+3,Débutant < 2 ans,CDI & CDD,Ariana,,29.11.2024,https://www.emploitunisie.com/offre-emploi-tunisie/chargee-recrutement-formation-technopole-el-gazala-ariana-tunisie-199046
Secrétaire Médical  - Tunis,CABINET DE DERMATOLOGIE KACHOUKH Meriem,,"Qualification avant bac, Bac, Bac+1, Bac+2, Bac+3, Bac+4 & Bac+5 et plus","Etudiant, jeune diplômé et plus",CDI,Ariana & Tunis,,29.11.2024,https://www.emploitunisie.com/offre-emploi-tunisie/secretaire-medical-tunis-200374
Formateur(trice) Formalités Douanières - Sousse,OSCAR FORMATION,,Bac+5 et plus,Expérience entre 5 ans et 10 ans - Expérience > 10 ans,Temps partiel,Ariana - Béja - Ben Arous - Bizerte - Gabès - Gafsa - Jendouba,,29.11.2024,https://www.emploitunisie.com/offre-emploi-tunisie/formateurtrice-formalites-douanieres-sousse-201036
Test Engineer - Ariana,E-SKILLS,,Bac+5 et plus,Expérience entre 2 ans et 5 ans et plus,CDI & CDD,Ariana,,29.11.2024,https://www.emploitunisie.com/offre-emploi-tunisie/test-engineer-ariana-204416
"Directeur Groupe d’Écoles Supérieures - San-Pédro, Côte D´Ivoire",AFRICAWORK,,Bac+5 et plus,Expérience > 10 ans,CDI,International,Business Management - Éducation - Gestion - Gestion Administrative - Management - Stratégie,29.11.2024,https://www.emploitunisie.com/offre-emploi-tunisie/directeur-groupe-ecoles-superieures-san-pedro-cote-ivoire-207646
Femme de Ménage - Tunis Lac 1,TEG,,"Qualification avant bac, Bac, Bac+1, Bac+2, Bac+3, Bac+4 & Bac+5 et plus","Etudiant, jeune diplômé et plus",CDD,Tunis,Entretien - Nettoyage,29.11.2024,https://www.emploitunisie.com/offre-emploi-tunisie/femme-menage-tunis-lac-1-207866
Collaborateur(trice) Autonome - Midoun,STE COLOR CONSEIL,,Bac+2,Débutant < 2 ans,CDI,Médenine,Comptabilité - Finance - Gestion,29.11.2024,https://www.emploitunisie.com/offre-emploi-tunisie/collaborateurtrice-autonome-midoun-207881
Gestionnaire de Contenu et Référencement Web - 100% Télétravail ,RANDOM WALKERS,,"Bac+3, Bac+4 & Bac+5 et plus","Etudiant, jeune diplômé et plus","CDI, CDD & Intérim",International,Communication - Content Management - Contenu Web - Design - Digital Communication - Marketing - Marketing Digital - Référencement Naturel - Référencement SEO - Référencement Web - SEO,29.11.2024,https://www.emploitunisie.com/offre-emploi-tunisie/gestionnaire-contenu-referencement-web-100-teletravail-207929
Conducteur d´Engins de Travaux Publics  - France,MANWORK,,Qualification avant bac & Bac,Débutant < 2 ans & Expérience entre 2 ans et 5 ans,CDI & CDD,International,Bâtiment et Travaux Publics,29.11.2024,https://www.emploitunisie.com/offre-emploi-tunisie/conducteur-engins-travaux-publics-france-207950
Dessinateur Senior AutoCAD - Kram,INCORPORATED GLOBAL ENGINEERING SERVICES,,"Bac+3, Bac+4 & Bac+5 et plus",Débutant < 2 ans et plus,CDD & Temps partiel,Tunis,AUTOCAD - BTP,29.11.2024,https://www.emploitunisie.com/offre-emploi-tunisie/dessinateur-senior-autocad-kram-207984
Caissière  - Tunis,SYNERGY FOOD,,"Bac+2, Bac+3, Bac+4 & Bac+5 et plus",Expérience entre 2 ans et 5 ans et plus,CDI,Tunis,Vente,29.11.2024,https://www.emploitunisie.com/offre-emploi-tunisie/caissiere-tunis-207999
Technicien Supérieur  - Nabeul,SOCIÉTÉ MAGHRÉBINE DES RÉSERVOIRS INOXYDABLE,,"Bac, Bac+1, Bac+2, Bac+3, Bac+4 & Bac+5 et plus",Expérience entre 2 ans et 5 ans et plus,CDI,Nabeul,AUTOCAD - Fabrication - Génie Industriel - Génie Mécanique - Maintenance - Production - Qualité,29.11.2024,https://www.emploitunisie.com/offre-emploi-tunisie/technicien-superieur-nabeul-208086
Technicien Sérigraphie - La Soukra Ariana,PERSOVET,,"Bac+1, Bac+2, Bac+3, Bac+4 & Bac+5 et plus",Expérience entre 2 ans et 5 ans et plus,CDI,Ariana - Ben Arous - Manouba & Tunis,Maintenance - Qualité,29.11.2024,https://www.emploitunisie.com/offre-emploi-tunisie/technicien-serigraphie-soukra-ariana-208117
Assistante D´Accueil Avec des Connaissances en Web Design - la Goulette,NETGLASS,,"Bac+3, Bac+4 & Bac+5 et plus",Débutant < 2 ans et plus,CDI,Tunis,Assistanat - Charte Graphique - Communication - Création Graphique - Design - Emailing - Marketing - NET - Référencement Naturel - Secrétariat - SEO,29.11.2024,https://www.emploitunisie.com/offre-emploi-tunisie/assistante-accueil-avec-connaissances-web-design-goulette-208214
Conseiller(ère) Clientèle - Tunis,CALLING CALL,,"Qualification avant bac, Bac, Bac+1, Bac+2, Bac+3, Bac+4 & Bac+5 et plus","Etudiant, jeune diplômé et plus",CDI & Stage,Tunis,Communication - Marketing - Télécommunication,29.11.2024,https://www.emploitunisie.com/offre-emploi-tunisie/conseillerere-clientele-tunis-208226
Agent Commercial – Domaine du Meuble - Ariana,MA VIE MEUBLE,,"Qualification avant bac, Bac, Bac+1, Bac+2, Bac+3, Bac+4 & Bac+5 et plus",Expérience entre 2 ans et 5 ans et plus,CDI & CDD,Ariana & Tunis,Achats - Négociation - Suivi Commercial - Techniques de Vente - Vente,29.11.2024,https://www.emploitunisie.com/offre-emploi-tunisie/agent-commercial-domaine-meuble-ariana-208253
Télévendeurs  - Tunis,RENOVCALL,,"Qualification avant bac, Bac, Bac+1, Bac+2, Bac+3, Bac+4 & Bac+5 et plus","Etudiant, jeune diplômé et plus",CDI,Tunis,Communication Téléphonique - Télécommunication,29.11.2024,https://www.emploitunisie.com/offre-emploi-tunisie/televendeurs-tunis-208369
Formation en Data Scientist (F/H) - Paris,KAISCHOOL,,"Bac+2, Bac+3, Bac+4 & Bac+5 et plus","Etudiant, jeune diplômé et plus",Alternance,Ariana - Manouba - Monastir - Sfax - Sousse & International,Comptabilité - Finance - Gestion - PYTHON - SQL,29.11.2024,https://www.emploitunisie.com/offre-emploi-tunisie/formation-data-scientist-fh-paris-208396
Formation en Data Analyst (F/H) - Tunis,KAISCHOOL,,"Bac+2, Bac+3, Bac+4 & Bac+5 et plus","Etudiant, jeune diplômé et plus",Alternance,International,Comptabilité - Finance - Gestion,29.11.2024,https://www.emploitunisie.com/offre-emploi-tunisie/formation-data-analyst-fh-tunis-208399
"Vendeuse - Marsa,Tunis",SKILA,,Bac,Débutant < 2 ans,CDD,Tunis,Merchandising - Vente,29.11.2024,https://www.emploitunisie.com/offre-emploi-tunisie/vendeuse-marsatunis-208403
Production Manager - Sousse,ASTRAGALE  CALL CENTER,,"Bac+3, Bac+4 & Bac+5 et plus",Expérience entre 5 ans et 10 ans & Expérience > 10 ans,CDI,Sousse,Formation - Leadership - Maintenance - Management - Production - Qualité - Quality,29.11.2024,https://www.emploitunisie.com/offre-emploi-tunisie/production-manager-sousse-208420
Ingénieur Développement PHP (H/F) - Paris 9éme Arrondissement,PXO ,,"Bac+3, Bac+4 & Bac+5 et plus",Expérience entre 2 ans et 5 ans et plus,CDI & Freelance,Tunis,CSS - HTML - JAVASCRIPT - LINUX - SQL,29.11.2024,https://www.emploitunisie.com/offre-emploi-tunisie/ingenieur-developpement-php-hf-paris-9eme-arrondissement-208422
Ingénieur en Génie Civil - Tunis,L'ESPOIR CONTROL,,Bac+5 et plus,Expérience > 10 ans,CDI,Tunis,Maintenance - Réparation,29.11.2024,https://www.emploitunisie.com/offre-emploi-tunisie/ingenieur-genie-civil-tunis-208770
 Responsable de Production - Tunis,SOPROTIC,,Bac+4 & Bac+5 et plus,Expérience entre 5 ans et 10 ans & Expérience > 10 ans,CDI,Manouba & Tunis,Génie Industriel - Gestion de la Production - Maintenance - Production - Qualité,29.11.2024,https://www.emploitunisie.com/offre-emploi-tunisie/responsable-production-tunis-208778
Agent de Centre D’Appels - Tunis Lafayette,WAAD UNIVERSELLE,,"Bac, Bac+1, Bac+2, Bac+3, Bac+4 & Bac+5 et plus","Etudiant, jeune diplômé et plus","CDI, CDD, Intérim, Stage, Freelance, Alternance & Statutaire",Tunis,Vente,29.11.2024,https://www.emploitunisie.com/offre-emploi-tunisie/agent-centre-appels-tunis-lafayette-208924
Vendeurs  - Marsa,BEN YAGHLANE,,"Qualification avant bac, Bac, Bac+1, Bac+2, Bac+3, Bac+4 & Bac+5 et plus","Etudiant, jeune diplômé et plus","CDI, CDD & Stage",Tunis,Achats - Comptabilité - Finance - Gestion - Vente,29.11.2024,https://www.emploitunisie.com/offre-emploi-tunisie/vendeurs-marsa-209027
Chargé(e) des Ressources Humaines - Tunis,SOPROTIC,,"Bac+3, Bac+4 & Bac+5 et plus",Expérience entre 2 ans et 5 ans et plus,CDI,Manouba & Tunis,Administration du Personnel - Bilan Social - Droit - Formation - Gestion de la Paie - Gestion des Contrats - Gestion Sociale - Politique RH,29.11.2024,https://www.emploitunisie.com/offre-emploi-tunisie/chargee-ressources-humaines-tunis-209202
Responsable de Maintenance - Tunis,SOPROTIC,,"Bac+3, Bac+4 & Bac+5 et plus",Expérience entre 2 ans et 5 ans et plus,CDI & CDD,Manouba & Tunis,Électromécanique - Électronique - Génie Industriel - Hydraulique - Hygiène - Maintenance - Maintenance Préventive - Processus - Production - Qualité - RSE,29.11.2024,https://www.emploitunisie.com/offre-emploi-tunisie/responsable-maintenance-tunis-209204
Développeur Fullstack (React Js / Node Js) - Tunis,SUPERDEV,,"Bac+3, Bac+4 - Bac+5 et plus",Expérience entre 2 ans et 5 ans et plus,CDI,Ariana - Béja - Ben Arous - Bizerte - Gabès - Gafsa - Jendouba,AGILE - GITLAB - JIRA - MONGODB - NODE JS - REACT,29.11.2024,https://www.emploitunisie.com/offre-emploi-tunisie/developpeur-fullstack-react-js-node-js-tunis-209218
Téléopérateurs (H/F) en Mutuelle Santé - Nabeul,ANC,,"Bac+2, Bac+3, Bac+4 & Bac+5 et plus",Débutant < 2 ans et plus,CDI,Nabeul,,29.11.2024,https://www.emploitunisie.com/offre-emploi-tunisie/teleoperateurs-hf-mutuelle-sante-nabeul-209699
Un(e) Commercial(e) - Sousse,MY BIO,,Bac+3,"Etudiant, jeune diplômé",Temps partiel,Sousse,Analyse de Marché - Négociation - Vente,29.11.2024,https://www.emploitunisie.com/offre-emploi-tunisie/commerciale-sousse-209747
Télévendeurs - Tunis,PREVYOUCALL,,"Qualification avant bac, Bac, Bac+1, Bac+2, Bac+3, Bac+4 & Bac+5 et plus","Etudiant, jeune diplômé et plus",CDI & CDD,Tunis,,29.11.2024,https://www.emploitunisie.com/offre-emploi-tunisie/televendeurs-tunis-209753
Stage pré embauche Assistant(e) Chef De Projet Technique - Ariana,SMART CONSEIL,,"Bac+3, Bac+4 & Bac+5 et plus","Etudiant, jeune diplômé & Débutant < 2 ans",CDD & Stage,Ariana - Ben Arous - Bizerte & Tunis,AGILE - BIG DATA - Pilotage de Projets - SCRUM,29.11.2024,https://www.emploitunisie.com/offre-emploi-tunisie/stage-pre-embauche-assistante-chef-projet-technique-ariana-209826
Téléconseillers en Energie Renouvelable - Tunis,JS COMMUNICATION ,,"Bac, Bac+1, Bac+2, Bac+3, Bac+4 & Bac+5 et plus",Débutant < 2 ans et plus,CDI,Ariana - Ben Arous - Manouba & Tunis,Télécommunication,29.11.2024,https://www.emploitunisie.com/offre-emploi-tunisie/teleconseillers-energie-renouvelable-tunis-209881
Surveillant - Montplaisir,UNIVERSITÉ MAHMOUD EL MATERI,,Qualification avant bac,Expérience entre 2 ans et 5 ans,CDD,Ariana - Ben Arous - Manouba & Tunis,,29.11.2024,https://www.emploitunisie.com/offre-emploi-tunisie/surveillant-montplaisir-210200
Community Manager Senior  - Hammamet,AGROLINE,,Bac+5 et plus,Expérience entre 5 ans et 10 ans & Expérience > 10 ans,CDD,Nabeul,Communication - Communication Marketing - Marketing - Relations Publiques - Vente,29.11.2024,https://www.emploitunisie.com/offre-emploi-tunisie/community-manager-senior-hammamet-211335
Téléopérateur/trice Médical en Réception D’Appels - Sousse,ALTRACALL,,"Bac, Bac+1, Bac+2, Bac+3, Bac+4 & Bac+5 et plus","Etudiant, jeune diplômé et plus",CDI,Sousse,,29.11.2024,https://www.emploitunisie.com/offre-emploi-tunisie/teleoperateurtrice-medical-reception-appels-sousse-211478
Ouvriers Agricoles  - Hebira Mahdia ,LA FERME DE MLIK,,"Qualification avant bac, Bac, Bac+1, Bac+2, Bac+3, Bac+4 & Bac+5 et plus","Etudiant, jeune diplômé et plus",CDI,Mahdia,Exploitation - Irrigation - Machines - Maintenance - Production - Qualité,29.11.2024,https://www.emploitunisie.com/offre-emploi-tunisie/ouvriers-agricoles-hebira-mahdia-211486
Infographiste Flexo - Tunis,FLEXOLINE,,"Bac+1, Bac+2, Bac+3, Bac+4 & Bac+5 et plus","Etudiant, jeune diplômé et plus",CDI & Stage,Tunis,,29.11.2024,https://www.emploitunisie.com/offre-emploi-tunisie/infographiste-flexo-tunis-211529
Designer Infographiste - Tunis,OFFICE PRIME,,"Qualification avant bac, Bac, Bac+1, Bac+2, Bac+3, Bac+4 & Bac+5 et plus","Etudiant, jeune diplômé et plus",Stage,Tunis,3DS MAX - AUTOCAD,29.11.2024,https://www.emploitunisie.com/offre-emploi-tunisie/designer-infographiste-tunis-211600
Télévendeur(s)  - Lac 2,SPHERE TECH,,"Qualification avant bac, Bac, Bac+1, Bac+2, Bac+3, Bac+4 & Bac+5 et plus","Etudiant, jeune diplômé et plus",CDI,Ariana,Communication - Développement Commercial - Gestion des Ventes - Négociation - Vente,29.11.2024,https://www.emploitunisie.com/offre-emploi-tunisie/televendeurs-lac-2-211874
Développeur Web PHP Senior - Raoued,SMART CONSEIL,,Bac+5 et plus,Expérience entre 5 ans et 10 ans & Expérience > 10 ans,CDD,International,ANDROID - BACK END - DJANGO - FRONT END - GIT - GITLAB - LARAVEL - NOSQL - SQL - SYMFONY,29.11.2024,https://www.emploitunisie.com/offre-emploi-tunisie/developpeur-web-php-senior-raoued-211954
Collaborateur/trice en Comptabilité Française - Bizerte,SB2I,,"Bac+2, Bac+3, Bac+4 & Bac+5 et plus",Expérience entre 2 ans et 5 ans et plus,CDI,Bizerte,Comptabilité - Finance - Gestion,29.11.2024,https://www.emploitunisie.com/offre-emploi-tunisie/collaborateurtrice-comptabilite-francaise-bizerte-211979
Assistante Administrative  - Ariana,BIOPHARMED ,,"Bac+3, Bac+4 & Bac+5 et plus",Débutant < 2 ans et plus,CDD,Ariana,Assistanat - Bureautique - Communication Écrite - Documents Administratifs - Dossiers - POWERPOINT - Secrétariat - WORD,29.11.2024,https://www.emploitunisie.com/offre-emploi-tunisie/assistante-administrative-ariana-212041
Opérateur Machine - Sfax,SUPER SAC,,"Bac+1, Bac+2 & Bac+3","Etudiant, jeune diplômé et plus",CDD,Sfax,Maintenance - Qualité,29.11.2024,https://www.emploitunisie.com/offre-emploi-tunisie/operateur-machine-sfax-212087
Team Leader Superviseur  - Tunis,PROXIWEB,,Bac+3,Débutant < 2 ans,"CDI, CDD & Temps partiel",Tunis,,29.11.2024,https://www.emploitunisie.com/offre-emploi-tunisie/team-leader-superviseur-tunis-212113
"Motion Designer, Designer 3D et Graphiste - Annecy",WORLD WILD WEB,,Bac,Débutant < 2 ans & Expérience entre 2 ans et 5 ans,Freelance & Temps partiel,International,ILLUSTRATOR - Marketing - Marketing Digital - PHOTOSHOP,29.11.2024,https://www.emploitunisie.com/offre-emploi-tunisie/motion-designer-designer-3d-graphiste-annecy-212115
Infographiste / Designer 3d - Monplaisir,NSCOM,,"Bac+3, Bac+4 & Bac+5 et plus","Etudiant, jeune diplômé & Débutant < 2 ans",Stage,Tunis,Communication - Design - Marketing,29.11.2024,https://www.emploitunisie.com/offre-emploi-tunisie/infographiste-designer-3d-monplaisir-212116
Technicien en Administration Réseaux - Hammamet,YOUR TEAM IN TUNISIA,,"Bac+3, Bac+4 & Bac+5 et plus",Débutant < 2 ans et plus,CDI & CDD,Nabeul,,29.11.2024,https://www.emploitunisie.com/offre-emploi-tunisie/technicien-administration-reseaux-hammamet-212122
Ingénieur maintenance (H) - La Sokra,GRAPHIKA,,"Bac+3, Bac+4 & Bac+5 et plus",Expérience entre 2 ans et 5 ans et plus,CDD,Ariana,Machines - Maintenance - Maintenance Préventive - Production - Qualité,29.11.2024,https://www.emploitunisie.com/offre-emploi-tunisie/ingenieur-maintenance-h-sokra-212226
Préparatrice en Pharmacie  - Megrine ,PHARMACIE LAATIG RADHIA,,"Qualification avant bac, Bac, Bac+1, Bac+2, Bac+3, Bac+4 & Bac+5 et plus","Etudiant, jeune diplômé et plus",CDD & Stage,Ben Arous,Achats - Hygiène - Santé - Vaccination - Vente,29.11.2024,https://www.emploitunisie.com/offre-emploi-tunisie/preparatrice-pharmacie-megrine-212623
Développeur  WEB / Wordpress (H/F) - Sfax,GEDPLUS,,Bac+3,"Etudiant, jeune diplômé & Débutant < 2 ans",CDI & CDD,Sfax,WORDPRESS,29.11.2024,https://www.emploitunisie.com/offre-emploi-tunisie/developpeur-web-wordpress-hf-sfax-212698
Comptable - Midoun Djerba,BATIPRO,,"Bac+3, Bac+4 & Bac+5 et plus",Expérience entre 5 ans et 10 ans & Expérience > 10 ans,CDD,Médenine,Comptabilité - Finance - Gestion - Gestion des Factures - Rapports Financiers - Suivi de la Trésorerie - Trésorerie,29.11.2024,https://www.emploitunisie.com/offre-emploi-tunisie/comptable-midoun-djerba-212847
Délégués Commerciaux - Tunis,SOTUPRESSE,,Bac+3 & Bac+4,"Etudiant, jeune diplômé & Débutant < 2 ans",CDD,Tunis,Gestion des Réclamations,29.11.2024,https://www.emploitunisie.com/offre-emploi-tunisie/delegues-commerciaux-tunis-213221
Responsable de Maintenance Poids Lourds H/F - Antananarivo,AVÉLIANCE CONSEIL,,"Bac+2, Bac+3, Bac+4 & Bac+5 et plus",Expérience entre 5 ans et 10 ans & Expérience > 10 ans,CDI,International,Exploitation - Maintenance - Maintenance Mécanique - Maintenance Préventive - Production - Qualité,29.11.2024,https://www.emploitunisie.com/offre-emploi-tunisie/responsable-maintenance-poids-lourds-hf-antananarivo-213309
Electronics/Electrical Engineer For Mobile Robotics - Sousse,ENOVA ROBOTICS,,Bac+5 et plus,Expérience entre 2 ans et 5 ans,CDI,Sousse,ARDUINO - ETHERNET - IOT - MATLAB - PCB - SIMULINK - SOLIDWORKS,29.11.2024,https://www.emploitunisie.com/offre-emploi-tunisie/electronicselectrical-engineer-for-mobile-robotics-sousse-213368
Mechanical Engineer For Mobile Robotics - Sousse,ENOVA ROBOTICS,,Bac+5 et plus,Expérience entre 2 ans et 5 ans,CDI,Sousse,SOLIDWORKS,29.11.2024,https://www.emploitunisie.com/offre-emploi-tunisie/mechanical-engineer-for-mobile-robotics-sousse-213371
Assistante Dentaire  - Tunis,CABINET ORTHODONTIE CHELLI ,,"Qualification avant bac, Bac, Bac+1 & Bac+2","Etudiant, jeune diplômé et plus",CDI & CDD,Tunis,Assistanat - Communication - Dossiers - Gestion Administrative - Gestion des Dossiers - Marketing,29.11.2024,https://www.emploitunisie.com/offre-emploi-tunisie/assistante-dentaire-tunis-213442
Chef de Projet - Daloa,UNISERV BTP,,Bac+5 et plus,Expérience entre 5 ans et 10 ans & Expérience > 10 ans,CDI & CDD,International,AUTOCAD - PRIMAVERA,29.11.2024,https://www.emploitunisie.com/offre-emploi-tunisie/chef-projet-daloa-213581
Conseiller(e) Client - Tunis,CALL ME,,"Qualification avant bac, Bac, Bac+1, Bac+2, Bac+3, Bac+4 & Bac+5 et plus","Etudiant, jeune diplômé et plus","CDI, CDD & Temps partiel",Ariana & Tunis,Communication - Marketing - Télémarketing,29.11.2024,https://www.emploitunisie.com/offre-emploi-tunisie/conseillere-client-tunis-213828
Traffic Manager - Ariana,PI 2R,,"Bac+3, Bac+4 & Bac+5 et plus",Expérience entre 2 ans et 5 ans et plus,CDI,Ariana,Facebook Ads - Marketing - Marketing Digital - Publicité,29.11.2024,https://www.emploitunisie.com/offre-emploi-tunisie/traffic-manager-ariana-213920
Téléopérateurs en Prise de Rendez-Vous H/F - La Marsa,@LYSSE,,"Qualification avant bac, Bac, Bac+1, Bac+2, Bac+3, Bac+4 & Bac+5 et plus","Etudiant, jeune diplômé et plus",CDI,Tunis,Communication - Entretien - Marketing - Télémarketing,29.11.2024,https://www.emploitunisie.com/offre-emploi-tunisie/teleoperateurs-prise-rendez-vous-hf-marsa-214174
Téléconseillers en Prise de RDV - Tunis,LNR FINANCE,,"Qualification avant bac, Bac, Bac+1, Bac+2, Bac+3, Bac+4 & Bac+5 et plus",Débutant < 2 ans et plus,CDI,Ariana - Ben Arous & Tunis,Prise de RDV - Vente,29.11.2024,https://www.emploitunisie.com/offre-emploi-tunisie/teleconseillers-prise-rdv-tunis-214472
Technico-Commerciale - Ben Arous,WMTS,,Bac+2,Débutant < 2 ans & Expérience entre 2 ans et 5 ans,CDD,Ben Arous,Douane - Négociation - Prospection - Transit - Transport - Transport Maritime - Vente,29.11.2024,https://www.emploitunisie.com/offre-emploi-tunisie/technico-commerciale-ben-arous-214616
Expert en Référencement (H/F) - Tunis Lac 1 ,CC SERVICES ,,Bac+4 & Bac+5 et plus,Expérience entre 2 ans et 5 ans et plus,CDI,Tunis,CMS - Communication - CSS - HTML - JAVASCRIPT - Positionnement - PRESTASHOP - Référencement SEO - SEA - SEO - WORDPRESS,29.11.2024,https://www.emploitunisie.com/offre-emploi-tunisie/expert-referencement-hf-tunis-lac-1-214654
"Ingénieur VoIP, Asterisk , Vicidial  - Télétravail",DH ENERGIE,,"Qualification avant bac, Bac, Bac+1, Bac+2, Bac+3, Bac+4 & Bac+5 et plus",Expérience entre 2 ans et 5 ans et plus,CDI & CDD,International,ASTERISK - RTP - VOIP,29.11.2024,https://www.emploitunisie.com/offre-emploi-tunisie/ingenieur-voip-asterisk-vicidial-teletravail-214842
Téléopérateurs - Sfax,LINKIFY ,,"Qualification avant bac, Bac, Bac+1, Bac+2, Bac+3, Bac+4 & Bac+5 et plus",Expérience entre 2 ans et 5 ans et plus,Freelance,Sfax,Gestion des Commandes - Rétention des Clients - Téléprospection - Vente,29.11.2024,https://www.emploitunisie.com/offre-emploi-tunisie/teleoperateurs-sfax-214848
Agent Back Office Service Maritime - Les Berges Du Lac,EXPRESS WORLD,,"Bac+2, Bac+3, Bac+4 & Bac+5 et plus",Expérience entre 2 ans et 5 ans et plus,CDI,Tunis,Vente,29.11.2024,https://www.emploitunisie.com/offre-emploi-tunisie/agent-back-office-service-maritime-berges-lac-214938
Téléopérateur/trice Médical en Réception D’Appels  - Sousse,ALTRACALL,,"Bac, Bac+1, Bac+2, Bac+3, Bac+4 & Bac+5 et plus",Débutant < 2 ans et plus,CDI,Sousse,,29.11.2024,https://www.emploitunisie.com/offre-emploi-tunisie/teleoperateurtrice-medical-reception-appels-sousse-214949
Visiteur Pharmaceutique Parapharmaceutiques - Grand Tunis,GROUPE M&M SANTE - MATERNA,,Bac+1,Débutant < 2 ans,CDI & CDD,Tunis,Vente,29.11.2024,https://www.emploitunisie.com/offre-emploi-tunisie/visiteur-pharmaceutique-parapharmaceutiques-grand-tunis-214950
Technico-Commercial - Sousse,ENOVA ROBOTICS,,"Bac+2, Bac+3, Bac+4 & Bac+5 et plus",Débutant < 2 ans et plus,CDI,Sousse,Commercialisation - Négociation - Prospection - Vente,29.11.2024,https://www.emploitunisie.com/offre-emploi-tunisie/technico-commercial-sousse-215101
Téléopérateur/trice Médical en Réception D’Appels - Sousse,ALTRACALL,,"Bac, Bac+1, Bac+2, Bac+3, Bac+4 & Bac+5 et plus",Débutant < 2 ans et plus,CDI,Sousse,,29.11.2024,https://www.emploitunisie.com/offre-emploi-tunisie/teleoperateurtrice-medical-reception-appels-sousse-215500
Responsable Ressources Humaines - Nabeul,STE CALE CHAUSSURES,,"Bac+3, Bac+4 & Bac+5 et plus",Débutant < 2 ans et plus,CDI & CDD,Nabeul,Administration du Personnel - Comptabilité - Finance - Gestion - Gestion des Ressources Humaines - Processus de Recrutement - Recrutement,29.11.2024,https://www.emploitunisie.com/offre-emploi-tunisie/responsable-ressources-humaines-nabeul-215526
 Technicien Computer Numerical Control  - Sousse,METAL PRECISION,,"Qualification avant bac, Bac, Bac+1, Bac+2, Bac+3, Bac+4 & Bac+5 et plus",Débutant < 2 ans et plus,CDD,Sousse,Fraisage - Machines - Maintenance - Processus - Qualité,29.11.2024,https://www.emploitunisie.com/offre-emploi-tunisie/technicien-computer-numerical-control-sousse-215538
Réceptionnaire Agence Renault  - Ezzahra,SAVES - AGENCE OFFICIELLE RENAULT,,"Bac+2, Bac+3, Bac+4 & Bac+5 et plus",Expérience entre 2 ans et 5 ans et plus,CDI,Ben Arous,Devis - Vente,29.11.2024,https://www.emploitunisie.com/offre-emploi-tunisie/receptionnaire-agence-renault-ezzahra-215919
Superviseur de Production - Sidi El Heni,STIT,,"Bac+3, Bac+4 & Bac+5 et plus",Débutant < 2 ans et plus,CDI & CDD,Sousse,Amélioration Continue - Fabrication - Machines - Maintenance - Processus - Production - Productivité - Qualité,29.11.2024,https://www.emploitunisie.com/offre-emploi-tunisie/superviseur-production-sidi-el-heni-216038
Commercial en Télétravail (Freelance) - France,SOCIÉTÉ DE PRESSE FRANÇAISE,,Bac+2,Expérience entre 2 ans et 5 ans,Freelance,International,Vente,29.11.2024,https://www.emploitunisie.com/offre-emploi-tunisie/commercial-teletravail-freelance-france-216051
Responsable Maintenance Industrielle - Gaafour,TUNIPA  S.A,,Bac+4 & Bac+5 et plus,Débutant < 2 ans et plus,CDI & CDD,Siliana,Amélioration Continue - Fabrication - Machines - Maintenance - Maintenance Industrielle - Maintenance Prédictive - Maintenance Préventive - Production - Qualité,29.11.2024,https://www.emploitunisie.com/offre-emploi-tunisie/responsable-maintenance-industrielle-gaafour-216078
Agent Commercial  - Borj Cedria,ELLOUZI IMMOBILIÈRE,,Qualification avant bac,"Etudiant, jeune diplômé & Débutant < 2 ans","CDI, CDD, Intérim & Stage",Ben Arous & Nabeul,Vente,29.11.2024,https://www.emploitunisie.com/offre-emploi-tunisie/agent-commercial-borj-cedria-216144
Conseiller(e) de Vente - Sousse,Z PETS,,"Qualification avant bac, Bac, Bac+1, Bac+2, Bac+3, Bac+4 & Bac+5 et plus","Etudiant, jeune diplômé et plus",CDD,Sousse,Communication - Vente,29.11.2024,https://www.emploitunisie.com/offre-emploi-tunisie/conseillere-vente-sousse-216441
Stagiaire en Marketing et Marketing Digital - Mégrine,EDAYETNA,,"Bac+2, Bac+3, Bac+4 - Bac+5 et plus","Etudiant, jeune diplômé - Débutant < 2 ans","CDD, Stage - Temps partiel",Ariana - Ben Arous - Bizerte - Mahdia - Monastir - Nabeul - Sfax,Communication - Community Management - Digital Marketing - E-Mailing - Graphisme - Marketing - Marketing Digital - Newsletters - PHOTOSHOP - Prospection - Rédaction - SEA - SEO - Vente,29.11.2024,https://www.emploitunisie.com/offre-emploi-tunisie/stagiaire-marketing-marketing-digital-megrine-216499
Téléconseillers (H/F) en Assurance Maladie - Nabeul,ANC,,"Bac+1, Bac+2, Bac+3, Bac+4 & Bac+5 et plus",Expérience entre 2 ans et 5 ans et plus,CDI,Nabeul,Communication Téléphonique - Prospection - Télémarketing - Télévente - Vente,29.11.2024,https://www.emploitunisie.com/offre-emploi-tunisie/teleconseillers-hf-assurance-maladie-nabeul-216660
Contrôleur Qualité-Habillement - Sahline -Monastir,CAPTUNIS,,"Qualification avant bac, Bac, Bac+1, Bac+2, Bac+3 & Bac+4",Expérience entre 5 ans et 10 ans & Expérience > 10 ans,CDI & CDD,Mahdia - Monastir & Sousse,GPAO - Maintenance - Production - Qualité,29.11.2024,https://www.emploitunisie.com/offre-emploi-tunisie/controleur-qualite-habillement-sahline-monastir-216697
Conducteur de Machine - 5 Impasse de L´UMA la Soukra Ariana,SOTEFI,,Bac+2,Débutant < 2 ans,CDD,Ariana - Ben Arous - Manouba & Tunis,Électromécanique - Maintenance - Production - Productivité - Qualité,29.11.2024,https://www.emploitunisie.com/offre-emploi-tunisie/conducteur-machine-5-impasse-uma-soukra-ariana-216724
Commerciaux Francophones et Anglophones  - Sfax,FOODOMARKET,,"Bac, Bac+1, Bac+2, Bac+3, Bac+4 & Bac+5 et plus",Débutant < 2 ans et plus,CDD,Sfax & International,Négociation - Vente,29.11.2024,https://www.emploitunisie.com/offre-emploi-tunisie/commerciaux-francophones-anglophones-sfax-216884
Responsable Commerciale  - Tunis,PROFSUP,,"Bac, Bac+1, Bac+2, Bac+3, Bac+4 & Bac+5 et plus",Expérience entre 2 ans et 5 ans et plus,CDI,Ariana - Ben Arous & Tunis,Assistanat - Communication - Devis - Marketing - Rédaction - Secrétariat - Vente,29.11.2024,https://www.emploitunisie.com/offre-emploi-tunisie/responsable-commerciale-tunis-217046
Office Receptionist - Tunis,GARAGE MÉCANIQUE,,"Qualification avant bac, Bac, Bac+1, Bac+2, Bac+3, Bac+4 & Bac+5 et plus",Expérience entre 2 ans et 5 ans et plus,CDD,Ariana,,29.11.2024,https://www.emploitunisie.com/offre-emploi-tunisie/office-receptionist-tunis-217177
Architecte d´Intérieur Junior - La Marsa,CREATIVE SOLUTIONS,,"Bac+3, Bac+4 & Bac+5 et plus",Débutant < 2 ans,CDI & Freelance,Tunis,3D 2D - Aménagement - Architecture d'Intérieur - Décoration,29.11.2024,https://www.emploitunisie.com/offre-emploi-tunisie/architecte-interieur-junior-marsa-217253
Téléconseillers  - Tunis,PREVYOUCALL,,"Bac, Bac+1, Bac+2, Bac+3, Bac+4 & Bac+5 et plus",Débutant < 2 ans et plus,CDI & CDD,Tunis,,29.11.2024,https://www.emploitunisie.com/offre-emploi-tunisie/teleconseillers-tunis-217311
IT Support Helpdesk  - Sousse,ALTRACALL,,"Bac, Bac+1, Bac+2, Bac+3, Bac+4 & Bac+5 et plus",Expérience entre 2 ans et 5 ans et plus,CDI,Sousse,DHCP - TCP IP,29.11.2024,https://www.emploitunisie.com/offre-emploi-tunisie/it-support-helpdesk-sousse-217320
Télésecrétaire - Anderlecht ,DESWORK,,"Qualification avant bac, Bac, Bac+1, Bac+2, Bac+3, Bac+4 & Bac+5 et plus","Etudiant, jeune diplômé et plus","CDI, Freelance & Temps partiel",International,Accueil - Accueil Physique - Assistanat - Bureautique - Formation - Gestion du Courrier - Imagerie Médicale - Saisie de Données - Secrétariat - Secrétariat Bureautique,29.11.2024,https://www.emploitunisie.com/offre-emploi-tunisie/telesecretaire-anderlecht-217341
Team Leader - Tunis,THE BEE COMPANY,,Bac+3,Expérience entre 2 ans et 5 ans,CDI & Temps partiel,Tunis,Coaching - Communication - Gestion - Leadership - Management - Marketing - Télévente - Vente,29.11.2024,https://www.emploitunisie.com/offre-emploi-tunisie/team-leader-tunis-217349
Ingénieur Motoriste - Tunis,ENNOPULSE,,Bac+5 et plus,"Etudiant, jeune diplômé & Débutant < 2 ans","CDI, CDD & Freelance",Tunis & International,MATLAB - SIMULINK,29.11.2024,https://www.emploitunisie.com/offre-emploi-tunisie/ingenieur-motoriste-tunis-217381
Technicien Supérieur en Bâtiment  - Hammamet,ESC SERVICES ET CONSEIL,,"Bac+2, Bac+3, Bac+4 & Bac+5 et plus",Expérience entre 2 ans et 5 ans et plus,CDI,Nabeul,Appel d'Offres - AUTOCAD - Calcul Métré - Métrés Quantitatifs - Organisation Administrative - Pack Office - Plan Métré,29.11.2024,https://www.emploitunisie.com/offre-emploi-tunisie/technicien-superieur-batiment-hammamet-217427
Développeur & Webmaster en Sous-Traitance  - Annecy,WORLD WILD WEB,,Bac,Expérience entre 2 ans et 5 ans et plus,Freelance,International,CMS - CSS - HTML - JAVASCRIPT - WORDPRESS,29.11.2024,https://www.emploitunisie.com/offre-emploi-tunisie/developpeur-webmaster-sous-traitance-annecy-217524
Docteur Data Science ou en Informatique - Ariana,SMART CONSEIL,,Bac+5 et plus,Débutant < 2 ans,CDD,Ariana,AGILE - BIG DATA - KERAS - NOSQL - PYTHON - SQL - TENSORFLOW,29.11.2024,https://www.emploitunisie.com/offre-emploi-tunisie/docteur-data-science-informatique-ariana-217573
Téléopérateurs/trices Médicaux en Réception D´Appels – Bilingues  - Sousse ,ALTRACALL,,"Bac, Bac+1, Bac+2, Bac+3, Bac+4 & Bac+5 et plus",Débutant < 2 ans et plus,CDI,Sousse,,29.11.2024,https://www.emploitunisie.com/offre-emploi-tunisie/teleoperateurstrices-medicaux-reception-appels-bilingues-sousse-217837
Télévendeurs Expérimentés - Tunis 1002 Tunisie ,GANIRA TUNISIA,,"Bac, Bac+1, Bac+2, Bac+3, Bac+4 & Bac+5 et plus",Débutant < 2 ans et plus,CDI & CDD,Ariana - Ben Arous - Manouba & Tunis,Négociation - Prospection - Prospection Téléphonique - Télévente - Vente,29.11.2024,https://www.emploitunisie.com/offre-emploi-tunisie/televendeurs-experimentes-tunis-1002-tunisie-217876
 Consultant en Finance - France,FININFO SOLUTIONS,,Bac+5 et plus,Expérience entre 2 ans et 5 ans & Expérience entre 5 ans et 10 ans,CDI,Tunis,Comptabilité - Finance - Gestion - Produits Financiers,29.11.2024,https://www.emploitunisie.com/offre-emploi-tunisie/consultant-finance-france-217934
Télévendeur - Toute La Tunisie,LIDEO COURTAGE,,"Qualification avant bac, Bac, Bac+1, Bac+2, Bac+3, Bac+4 & Bac+5 et plus","Etudiant, jeune diplômé et plus","CDI, CDD, Intérim, Stage, Freelance, Alternance, Temps partiel & Statutaire",International,Communication,29.11.2024,https://www.emploitunisie.com/offre-emploi-tunisie/televendeur-toute-tunisie-218003
Chargé(e) de Sourcing IT - Tunis,RIDCHADATA,,Bac+4 & Bac+5 et plus,Expérience entre 2 ans et 5 ans et plus,CDI & Freelance,Tunis & International,Formation - Recrutement,29.11.2024,https://www.emploitunisie.com/offre-emploi-tunisie/chargee-sourcing-it-tunis-218483
Préparateur de Commandes - Gestion des Stocks - Sfax,REC-INOV,,"Qualification avant bac, Bac, Bac+1, Bac+2, Bac+3, Bac+4 & Bac+5 et plus","Etudiant, jeune diplômé et plus",CDI,Sfax,,29.11.2024,https://www.emploitunisie.com/offre-emploi-tunisie/preparateur-commandes-gestion-stocks-sfax-218539
Business Developer dans le Déménagement International - Tunis Carthage,AGS CARTHAGO MOVING AND STORAGE,,"Bac+2, Bac+3, Bac+4 & Bac+5 et plus",Expérience entre 2 ans et 5 ans et plus,CDI,Tunis,Business Development - Développement Commercial - Négociation - Transport - Vente,29.11.2024,https://www.emploitunisie.com/offre-emploi-tunisie/business-developer-demenagement-international-tunis-carthage-218557
Responsable Opérations dans le Déménagement International - Tunis Carthage,AGS CARTHAGO MOVING AND STORAGE,,"Bac+3, Bac+4 & Bac+5 et plus",Expérience entre 5 ans et 10 ans & Expérience > 10 ans,CDI,Tunis,Amélioration Continue - Flux Logistiques - Gestion - Gestion Logistique - Management - Opérations Logistiques - Planification - Transit - Transport,29.11.2024,https://www.emploitunisie.com/offre-emploi-tunisie/responsable-operations-demenagement-international-tunis-carthage-218562
Responsable du Système Informatique  - Sousse,Groupe Médical les Oliviers,,"Bac+3, Bac+4 & Bac+5 et plus",Expérience entre 5 ans et 10 ans & Expérience > 10 ans,CDD,Sousse,,29.11.2024,https://www.emploitunisie.com/offre-emploi-tunisie/responsable-systeme-informatique-sousse-218729
Télévendeurs  - Tunis,CALLING CALL,,"Qualification avant bac, Bac, Bac+1, Bac+2, Bac+3, Bac+4 & Bac+5 et plus","Etudiant, jeune diplômé et plus",CDI & CDD,Ariana & Tunis,Communication Téléphonique - Contact Téléphonique - Gestion de la Clientèle - Prospection Téléphonique - Télécommunication - Télévente,29.11.2024,https://www.emploitunisie.com/offre-emploi-tunisie/televendeurs-tunis-218736
Agent Commercial - Soukra,BKM DE COMMERCE,,"Qualification avant bac, Bac, Bac+1, Bac+2 & Bac+3","Etudiant, jeune diplômé et plus",CDI,Ariana - Ben Arous - Manouba - Nabeul - Sfax & Tunis,Développement Commercial - Vente,29.11.2024,https://www.emploitunisie.com/offre-emploi-tunisie/agent-commercial-soukra-218901
Comptable Qualifié - Ajim - Djerba ,B2S PRO,,"Bac+3, Bac+4 & Bac+5 et plus",Expérience entre 2 ans et 5 ans et plus,CDI & CDD,Médenine,Comptabilité - Écritures Comptables - Finance - Gestion,29.11.2024,https://www.emploitunisie.com/offre-emploi-tunisie/comptable-qualifie-ajim-djerba-218999
Responsable Comptable H/F - Ajim - Djerba ,B2S PRO,,"Bac+3, Bac+4 & Bac+5 et plus",Expérience entre 2 ans et 5 ans et plus,CDI & CDD,Médenine,Comptabilité - Comptabilité Générale - États Financiers - Finance - Fiscalité - Gestion - Gestion des Encaissements - Suivi de la Trésorerie - Trésorerie,29.11.2024,https://www.emploitunisie.com/offre-emploi-tunisie/responsable-comptable-hf-ajim-djerba-219000
Des Agents pour la Prise des Rendez-Vous  - Kram,ATOLL-SERVICES,,"Bac, Bac+1, Bac+2, Bac+3, Bac+4 & Bac+5 et plus","Etudiant, jeune diplômé et plus","CDI, CDD, Stage & Temps partiel",Ariana - Ben Arous - Manouba & Tunis,CRM - Gestion - Management - Prospection - Prospection Commerciale - Prospection Téléphonique - Vente,29.11.2024,https://www.emploitunisie.com/offre-emploi-tunisie/agents-prise-rendez-vous-kram-219001
Téléopératrice  - Houmt Souk - Djerba ,B2S PRO,,"Bac+1, Bac+2, Bac+3, Bac+4 & Bac+5 et plus",Débutant < 2 ans et plus,CDI & CDD,Médenine,Contact Téléphonique - Prospection - Vente,29.11.2024,https://www.emploitunisie.com/offre-emploi-tunisie/teleoperatrice-houmt-souk-djerba-219002
Chargé(e) d´Accueil et d´Information  - Tunis,EDUFRANCE,,Bac+2 & Bac+3,Débutant < 2 ans,CDD,Tunis,Assistanat - Documents Administratifs - Secrétariat - Vente,29.11.2024,https://www.emploitunisie.com/offre-emploi-tunisie/chargee-accueil-information-tunis-219042
Chargé(e) D´Affaires Académiques (Sales) - Tunis,EDUFRANCE,,"Bac+3, Bac+4 & Bac+5 et plus",Expérience entre 2 ans et 5 ans,CDI,Tunis,Communication - Marketing - Négociation - Négociation Commerciale - Prospection - Prospection Commerciale - Télémarketing - Vente,29.11.2024,https://www.emploitunisie.com/offre-emploi-tunisie/chargee-affaires-academiques-sales-tunis-219050
"Chargé(e) de Service Client, Back Office, Recouvrement - Tunis",NATURABUY,,"Bac, Bac+1, Bac+2, Bac+3, Bac+4 & Bac+5 et plus",Expérience entre 2 ans et 5 ans et plus,CDI,Tunis,Comptabilité - Finance - Formation - Gestion - Gestion des Créances - Recouvrement - Relation Clients,29.11.2024,https://www.emploitunisie.com/offre-emploi-tunisie/chargee-service-client-back-office-recouvrement-tunis-219071
Ingénieur en Electricité - Tunis,KST CONSTRUCTION,,Bac+5 et plus,"Etudiant, jeune diplômé et plus",CDI,Tunis & International,,29.11.2024,https://www.emploitunisie.com/offre-emploi-tunisie/ingenieur-electricite-tunis-219078
Responsable Maintenance - Sidi El Heni 4025,STIT,,"Bac+3, Bac+4 & Bac+5 et plus",Expérience entre 2 ans et 5 ans et plus,CDI & CDD,Sousse,Machines - Maintenance - Maintenance Industrielle - Maintenance Préventive - Production - Qualité - Rebobinage - Réparation,29.11.2024,https://www.emploitunisie.com/offre-emploi-tunisie/responsable-maintenance-sidi-el-heni-4025-219188
Chargés de Développement Commercial - Tunis,GROUPE FRANCE HOLDING,,"Bac, Bac+1, Bac+2, Bac+3, Bac+4 & Bac+5 et plus",Expérience entre 2 ans et 5 ans et plus,CDI,Tunis,Assurance - Développement Commercial - Formation - Négociation - Prospection - Prospection Téléphonique - Vente,29.11.2024,https://www.emploitunisie.com/offre-emploi-tunisie/charges-developpement-commercial-tunis-219329
"Téléconseiller(e)  - 112 Rue Palestine, Tunis ",RENOVCALL,,"Qualification avant bac, Bac, Bac+1, Bac+2, Bac+3, Bac+4 & Bac+5 et plus","Etudiant, jeune diplômé et plus",CDI,Tunis,,29.11.2024,https://www.emploitunisie.com/offre-emploi-tunisie/teleconseillere-112-rue-palestine-tunis-219355
"Télévendeurs  - Belvédère,Tunis ",PREVYOUCALL,,"Qualification avant bac, Bac, Bac+1, Bac+2, Bac+3, Bac+4 & Bac+5 et plus","Etudiant, jeune diplômé et plus",CDI,Tunis,Communication Téléphonique - Télécommunication - Télévente,29.11.2024,https://www.emploitunisie.com/offre-emploi-tunisie/televendeurs-belvederetunis-219356
Production Manager - Sousse,TANIS ,,"Bac+3, Bac+4 & Bac+5 et plus",Expérience entre 5 ans et 10 ans & Expérience > 10 ans,CDI,Sousse,Gestion - Gestion d'Équipe - Gestion de la Production - Leadership - Maintenance - Management - Management Opérationnel - Production - Qualité - Quality,29.11.2024,https://www.emploitunisie.com/offre-emploi-tunisie/production-manager-sousse-219462
Chargé de Développement Commercial - Tunis,GROUPE FRANCE HOLDING,,"Bac, Bac+1, Bac+2, Bac+3, Bac+4 & Bac+5 et plus",Expérience entre 2 ans et 5 ans et plus,CDI,Tunis,Développement Commercial - Négociation - Prospection - Prospection Téléphonique - Vente,29.11.2024,https://www.emploitunisie.com/offre-emploi-tunisie/charge-developpement-commercial-tunis-219487
Chargé d’Accueil Centre Sportif  - Monastir,PADEL UP MONASTIR ,,Bac+3,"Etudiant, jeune diplômé & Débutant < 2 ans",CDI,Monastir,Comptabilité - Finance - Gestion - Management - Planification,29.11.2024,https://www.emploitunisie.com/offre-emploi-tunisie/charge-accueil-centre-sportif-monastir-219501
Esthéticienne  - El Fahs,AR BEAUTY,,"Qualification avant bac, Bac, Bac+1, Bac+2, Bac+3, Bac+4 & Bac+5 et plus","Etudiant, jeune diplômé et plus","CDI, CDD, Intérim, Stage, Freelance, Alternance, Temps partiel & Statutaire",Zaghouan,Vente,29.11.2024,https://www.emploitunisie.com/offre-emploi-tunisie/estheticienne-el-fahs-219530
Ingénieur Développeur Front Javascript en CDI - H/F - Remote,PXO ,,"Bac+3, Bac+4 & Bac+5 et plus",Expérience entre 2 ans et 5 ans et plus,CDI,Tunis,BOOTSTRAP - CSS - JAVASCRIPT - JQUERY - LESS - LINUX,29.11.2024,https://www.emploitunisie.com/offre-emploi-tunisie/ingenieur-developpeur-front-javascript-cdi-hf-remote-219538
 Caissière  - Nabeul,Société YOUSARSSIF ,,Bac,Débutant < 2 ans,Temps partiel,Nabeul,Communication - Service Clients,29.11.2024,https://www.emploitunisie.com/offre-emploi-tunisie/caissiere-nabeul-219667
"Freelances - Kairouan, Tunisia",DIGITAL RISE SOLUTIONS LTD,,"Bac+1, Bac+2, Bac+3, Bac+4 & Bac+5 et plus",Expérience entre 2 ans et 5 ans et plus,"Freelance, Alternance & Temps partiel",Kairouan,3D 2D - 3DS MAX - Animation - Télémarketing,29.11.2024,https://www.emploitunisie.com/offre-emploi-tunisie/freelances-kairouan-tunisia-219670
Assistant(e) Vétérinaire - L´aouina ,CLINIQUE VÉTÉRINAIRE VET&SURG,,"Qualification avant bac, Bac, Bac+1, Bac+2 & Bac+3","Etudiant, jeune diplômé et plus",CDD,Ariana,Assistanat - Assistance - Chirurgie - Domaine Médical - Médecine - Santé - Secrétariat,29.11.2024,https://www.emploitunisie.com/offre-emploi-tunisie/assistante-veterinaire-aouina-219837
"Directeur Technique  - Pointe-Noire, Republique Du Congo",DIANE CONSTRUCTION ENGINEERING,,"Bac+3, Bac+4 & Bac+5 et plus",Expérience entre 5 ans et 10 ans & Expérience > 10 ans,CDD,International,Instrumentation - Maintenance - Mécanique Générale - Qualité - Structure Métallique - Tuyauterie,29.11.2024,https://www.emploitunisie.com/offre-emploi-tunisie/directeur-technique-pointe-noire-republique-congo-219899
Vétérinaire Spécialisé en Aviculture - Mauritanie,MANWORK,,"Bac+3, Bac+4 & Bac+5 et plus",Expérience > 10 ans,CDI & CDD,International,Hygiène - Médecine - Santé - Vaccination,29.11.2024,https://www.emploitunisie.com/offre-emploi-tunisie/veterinaire-specialise-aviculture-mauritanie-219989
Conseillères dans le Service Médical - Djerba,SMART BPO SERVICES,,"Bac+3, Bac+4 & Bac+5 et plus","Etudiant, jeune diplômé & Débutant < 2 ans","CDD, Stage & Freelance",Médenine,Communication - CRM - Formation en Informatique - Marketing - Santé - Télémarketing,29.11.2024,https://www.emploitunisie.com/offre-emploi-tunisie/conseilleres-service-medical-djerba-220008
Développeur Full stack Spring /React confirmé H/F  - Charguia 2 ,FININFO SOLUTIONS,,Bac+5 et plus,Expérience entre 2 ans et 5 ans,CDI,Ariana,AGILE - FULL STACK - GIT - JAVA - JAVASCRIPT - NOSQL - REACT - SCRUM - SPRING - SQL,29.11.2024,https://www.emploitunisie.com/offre-emploi-tunisie/developpeur-full-stack-spring-react-confirme-hf-charguia-2-220081
Directeur(trice)  - Tunis,ECOLE CONTE,,Bac+5 et plus,Expérience entre 5 ans et 10 ans,CDI,Tunis,Amélioration Continue - Communication - Gestion - Gestion Stratégique - Management - Marketing,29.11.2024,https://www.emploitunisie.com/offre-emploi-tunisie/directeurrice-tunis-220174
Assistant(e) Administratif(ve) et Juridique H/F - Tunis,Gexpertise,,Bac+2 & Bac+3,Expérience entre 2 ans et 5 ans,CDI,Tunis,Accompagnement - Administration - Appel d'Offres - Archivage - Assistanat - Assistance - Assistance Administrative - Assistance Juridique - Assurance - Dossiers - Dossiers Administratifs - Gestion de Sinistres - Pack Office - Secrétariat - SHAREPOINT,29.11.2024,https://www.emploitunisie.com/offre-emploi-tunisie/assistante-administratifve-juridique-hf-tunis-220188
German-speaking Customer Service Representative - Akouda-Sousse,7 STARS-CALL,,"Bac, Bac+1, Bac+2, Bac+3, Bac+4 & Bac+5 et plus",Débutant < 2 ans et plus,"CDD, Freelance, Alternance & Temps partiel",Sousse,Communication - Customer Service - Marketing - Télémarketing,29.11.2024,https://www.emploitunisie.com/offre-emploi-tunisie/german-speaking-customer-service-representative-akouda-sousse-220257
Vendeur(se) en Mutuelle Santé (H/F) - Expérimenté(e) - Tunis,SDS SERVICES,,"Qualification avant bac, Bac, Bac+1, Bac+2, Bac+3, Bac+4 & Bac+5 et plus",Débutant < 2 ans et plus,"CDI, CDD, Freelance & Temps partiel",Ariana - Ben Arous & Tunis,CRM - Gestion des Ventes - Prospection - Vente,29.11.2024,https://www.emploitunisie.com/offre-emploi-tunisie/vendeurse-mutuelle-sante-hf-experimentee-tunis-220274
Photogrammètre Expérimenté  - Nabeul,ASP TUNISIE,,"Qualification avant bac, Bac, Bac+1, Bac+2, Bac+3, Bac+4 & Bac+5 et plus",Expérience entre 2 ans et 5 ans et plus,"CDI, CDD & Statutaire",Nabeul,AUTOCAD - Équipement - Maintenance - Production,29.11.2024,https://www.emploitunisie.com/offre-emploi-tunisie/photogrammetre-experimente-nabeul-220276
Chargé(e) des Relations Clients - Sousse Ville,DIARNA INVEST,,Bac+3,Débutant < 2 ans & Expérience entre 2 ans et 5 ans,CDD,Sousse,Communication Téléphonique - Contact Téléphonique - Fidélisation des Clients - Techniques de Vente - Vente,29.11.2024,https://www.emploitunisie.com/offre-emploi-tunisie/chargee-relations-clients-sousse-ville-220296
Technicien Maintenance Industrielle - Ariana,AZ CUISINE,,"Bac+2, Bac+3 & Bac+4",Expérience entre 2 ans et 5 ans,CDD,Ariana - Ben Arous - Bizerte - Manouba & Tunis,Électrotechnique - Équipement - Gestion de la Maintenance - Industrie - Machines - Maintenance - Maintenance Industrielle - Maintenance Préventive - Production - Qualité,29.11.2024,https://www.emploitunisie.com/offre-emploi-tunisie/technicien-maintenance-industrielle-ariana-220300
Chargées Clients pour la Réception d´Appels - Tunis,PROXIWEB,,"Bac, Bac+1, Bac+2, Bac+3, Bac+4 & Bac+5 et plus",Débutant < 2 ans et plus,CDI,Ariana - Ben Arous - Manouba & Tunis,Communication - Marketing - Télémarketing,29.11.2024,https://www.emploitunisie.com/offre-emploi-tunisie/chargees-clients-reception-appels-tunis-220308
Auditrice-Contrôleuse de Gestion  - Sousse,SOBOTRAG,,Bac+5 et plus,Expérience entre 2 ans et 5 ans et plus,CDD,Sousse,Comptabilité - Finance - Gestion - Management,29.11.2024,https://www.emploitunisie.com/offre-emploi-tunisie/auditrice-controleuse-gestion-sousse-220338
"Graphic Designer - Ariana , Rue De L´artisanat ",E-SKILLS,,"Bac+3, Bac+4 & Bac+5 et plus","Etudiant, jeune diplômé",Intérim & Stage,Ariana,Brochures - Communication - Design - Montage - Stratégie de Communication - Télémarketing,29.11.2024,https://www.emploitunisie.com/offre-emploi-tunisie/graphic-designer-ariana-rue-artisanat-220340
Bilingual Sales Assistant - Malta,FIELDSPORTS LTD,,"Bac+2, Bac+3 & Bac+4","Etudiant, jeune diplômé et plus",CDI,International,Assistanat - Communication - Marketing,29.11.2024,https://www.emploitunisie.com/offre-emploi-tunisie/bilingual-sales-assistant-malta-220386
Vendeur(se) - Ariana,MACHAWI DAMAS,,"Bac, Bac+1, Bac+2, Bac+3, Bac+4 & Bac+5 et plus",Débutant < 2 ans et plus,CDI & CDD,Ariana,Vente,29.11.2024,https://www.emploitunisie.com/offre-emploi-tunisie/vendeurse-ariana-220389
Stagiaire Finance Comptabilité - Charguia 2,SUNSHINE SERVICES,,Bac+3,"Etudiant, jeune diplômé & Débutant < 2 ans",CDD & Intérim,Ariana & Tunis,Analyse Financière - Comptabilité - Écritures Comptables - États Financiers - Finance - Gestion - Gestion de la Trésorerie - Trésorerie,29.11.2024,https://www.emploitunisie.com/offre-emploi-tunisie/stagiaire-finance-comptabilite-charguia-2-220409
Technico-Commercial - Nabeul,AROMA SCENT,,"Bac, Bac+1, Bac+2, Bac+3, Bac+4 & Bac+5 et plus",Expérience entre 2 ans et 5 ans et plus,CDD,Nabeul,Développement Commercial - Négociation - Négociation Commerciale - Prospection - Stratégie Commerciale - Suivi des Clients - Vente,29.11.2024,https://www.emploitunisie.com/offre-emploi-tunisie/technico-commercial-nabeul-220412
Responsable des Affaires Réglementaires - Tunis,MTC PRO,,Bac+4 & Bac+5 et plus,Débutant < 2 ans,CDI,Ariana & Tunis,,29.11.2024,https://www.emploitunisie.com/offre-emploi-tunisie/responsable-affaires-reglementaires-tunis-220414
Animatrices en Pharmacie - Tunisie,MTC PRO,,Bac+3,Débutant < 2 ans,CDI,Ariana - Ben Arous - Monastir - Nabeul - Sfax - Sousse & Tunis,Vente,29.11.2024,https://www.emploitunisie.com/offre-emploi-tunisie/animatrices-pharmacie-tunisie-220415
Agent de Voyage - Centre Ville,HI TRAVEL,,"Bac+2, Bac+3, Bac+4 & Bac+5 et plus","Etudiant, jeune diplômé et plus",CDD,Tunis,,29.11.2024,https://www.emploitunisie.com/offre-emploi-tunisie/agent-voyage-centre-ville-220421
Téléconseillère(s) en Rénovation Énergétique de l’Habitat - Salambo Tunis ,QUALI CALL CENTER,,"Bac+2, Bac+3 & Bac+4",Expérience entre 2 ans et 5 ans & Expérience entre 5 ans et 10 ans,CDI,Tunis,Assistanat - Communication - Fichiers - Marketing - Secrétariat - Télémarketing,29.11.2024,https://www.emploitunisie.com/offre-emploi-tunisie/teleconseilleres-renovation-energetique-habitat-salambo-220527
Community Manager - Sfax,GEDPLUS,,"Bac+2, Bac+3, Bac+4 & Bac+5 et plus",Expérience entre 2 ans et 5 ans et plus,CDD,Sfax,Rédaction - Vente,29.11.2024,https://www.emploitunisie.com/offre-emploi-tunisie/community-manager-sfax-220547
Commerciale - Ariana,COENERGY,,"Bac+2, Bac+3, Bac+4 & Bac+5 et plus","Etudiant, jeune diplômé et plus","CDI, CDD, Stage & Freelance",Ariana,Commercialisation - Communication - Devis - Marketing - Négociation - Prospection - Prospection Téléphonique,29.11.2024,https://www.emploitunisie.com/offre-emploi-tunisie/commerciale-ariana-220550
English Speaking Sales Expert  - Sfax - Route Gabes ,FOODOMARKET,,"Bac+3, Bac+4 & Bac+5 et plus",Débutant < 2 ans et plus,CDD,Gabès - Sfax & International,Communication - Marketing - Télémarketing - Vente,29.11.2024,https://www.emploitunisie.com/offre-emploi-tunisie/english-speaking-sales-expert-sfax-route-gabes-220571
Partenaire Commercial  - Many Cities,ADMG SRL,,"Qualification avant bac, Bac, Bac+1, Bac+2, Bac+3, Bac+4 & Bac+5 et plus","Etudiant, jeune diplômé et plus",Freelance,International,Communication - Marketing - Vente,29.11.2024,https://www.emploitunisie.com/offre-emploi-tunisie/partenaire-commercial-many-cities-220592
Coordinateur(trice) de Travaux en Fibre Optique - La Marsa,GL TUNISIA,,"Bac+3, Bac+4 & Bac+5 et plus",Expérience entre 5 ans et 10 ans & Expérience > 10 ans,CDI,Tunis,Assistanat - Ordonnancement Pilotage Coordination - Secrétariat,29.11.2024,https://www.emploitunisie.com/offre-emploi-tunisie/coordinateurtrice-travaux-fibre-optique-marsa-220719
Télévendeurs (H/F) Expérimentés en Assurances Maladie - Tunis,ANC,,"Bac+1, Bac+2, Bac+3, Bac+4 & Bac+5 et plus",Expérience entre 2 ans et 5 ans et plus,CDI,Tunis,Télécommunication - Télévente - Vente,29.11.2024,https://www.emploitunisie.com/offre-emploi-tunisie/televendeurs-hf-experimentes-assurances-maladie-tunis-220821
Caissières - Nabeul,Société YOUSARSSIF ,,Qualification avant bac,Débutant < 2 ans,CDD & Alternance,Nabeul,Communication de Produit - Vente,29.11.2024,https://www.emploitunisie.com/offre-emploi-tunisie/caissieres-nabeul-220920
Informaticien  - Sousse,ATELIER LA MÉDINA,,"Bac+3, Bac+4 & Bac+5 et plus","Etudiant, jeune diplômé et plus","CDI, CDD, Intérim & Stage",Kairouan - Mahdia - Monastir & Sousse,Communication - LUMION - Marketing - V-RAY,29.11.2024,https://www.emploitunisie.com/offre-emploi-tunisie/informaticien-sousse-221099
Enseignant(e) d´Anglais - Ariana Borj Louzir,LE PETIT ROBERT,,"Bac+3, Bac+4 & Bac+5 et plus","Etudiant, jeune diplômé et plus","CDD, Stage & Freelance",Ariana,Enseignement,29.11.2024,https://www.emploitunisie.com/offre-emploi-tunisie/enseignante-anglais-ariana-borj-louzir-221247
Business Process Engineer  - Tunis,MIC,,"Bac+3, Bac+4 & Bac+5 et plus",Expérience entre 2 ans et 5 ans et plus,CDI,Tunis & International,AUTOMATE - CSS - GIT - HTML - JAVASCRIPT - SQL,29.11.2024,https://www.emploitunisie.com/offre-emploi-tunisie/business-process-engineer-tunis-221301
Commercial et Administrateur des Ventes B2B - Hammamet,YOUR TEAM IN TUNISIA,,"Bac+3, Bac+4 & Bac+5 et plus",Expérience entre 2 ans et 5 ans et plus,CDI & CDD,Nabeul,Communication - Vente,29.11.2024,https://www.emploitunisie.com/offre-emploi-tunisie/commercial-administrateur-ventes-b2b-hammamet-221332
Développeurs Web Full-Stack - Nabeul,3W WIT WEB AGENCY,,"Qualification avant bac, Bac, Bac+1, Bac+2, Bac+3, Bac+4 & Bac+5 et plus","Etudiant, jeune diplômé et plus",CDI & CDD,Nabeul & International,AJAX - BOOTSTRAP - CMS - CSS - GRID - HTML - JQUERY - LARAVEL - PRESTASHOP - SYMFONY - WORDPRESS,29.11.2024,https://www.emploitunisie.com/offre-emploi-tunisie/developpeurs-web-full-stack-nabeul-221424
Assistant (e) Marketing - Nabeul,NEOPOLIS,,"Bac+3, Bac+4 & Bac+5 et plus",Expérience entre 2 ans et 5 ans et plus,CDI,Nabeul & International,Communication - Marketing - Marketing Digital - Télémarketing,29.11.2024,https://www.emploitunisie.com/offre-emploi-tunisie/assistant-e-marketing-nabeul-221461
Auditeur Comptable et Financier - Sfax,JEMEX AUDIT,,"Bac+3, Bac+4 & Bac+5 et plus",Expérience entre 2 ans et 5 ans,CDD,Sfax,Audit - États Financiers - Finance - Gestion,29.11.2024,https://www.emploitunisie.com/offre-emploi-tunisie/auditeur-comptable-financier-sfax-221490
Graphic Designer - Monastir,TAHRI COMPAGNE,,Bac+3,Débutant < 2 ans et plus,CDI,Monastir,Communication - Design - Graphisme - ILLUSTRATOR - INDESIGN - Marketing - PHOTOSHOP,29.11.2024,https://www.emploitunisie.com/offre-emploi-tunisie/graphic-designer-monastir-221706
Agent de Caisse et de Facturation  - Sousse,Groupe Médical les Oliviers,,"Bac+2, Bac+3, Bac+4 & Bac+5 et plus",Débutant < 2 ans et plus,CDD,Sousse,Comptabilité - Facturation - Finance - Gestion,29.11.2024,https://www.emploitunisie.com/offre-emploi-tunisie/agent-caisse-facturation-sousse-221771
Commercial - Ariana,COENERGY,,"Bac+2, Bac+3, Bac+4 & Bac+5 et plus","Etudiant, jeune diplômé et plus","CDI, CDD, Stage & Freelance",Ariana,Commercialisation - Communication - Communication Marketing - Devis - Marketing - Négociation - Prospection - Prospection Téléphonique,29.11.2024,https://www.emploitunisie.com/offre-emploi-tunisie/commercial-ariana-221806
Webmaster - Aouina,P&P,,"Bac+3, Bac+4 & Bac+5 et plus","Etudiant, jeune diplômé et plus",CDD,Ariana,E-Commerce - Vente,29.11.2024,https://www.emploitunisie.com/offre-emploi-tunisie/webmaster-aouina-221972
Préparateur/Préparatrice  - Hammamet,PHARMACIE YASMINE BELHADJ HASSINE,,"Qualification avant bac, Bac, Bac+1, Bac+2, Bac+3, Bac+4 & Bac+5 et plus",Expérience entre 2 ans et 5 ans,CDI & CDD,Nabeul,Achats - Comptabilité - Finance - Gestion - Vente,29.11.2024,https://www.emploitunisie.com/offre-emploi-tunisie/preparateurpreparatrice-hammamet-221991
Responsable des Achats - Société de Catering - Mahras,NEWFOOD,,"Bac+3, Bac+4 & Bac+5 et plus",Expérience entre 5 ans et 10 ans & Expérience > 10 ans,CDI,Sfax,Achats - Gestion des Achats - Gestion des Contrats - Gestion des Stocks - Négociation - Sourcing,29.11.2024,https://www.emploitunisie.com/offre-emploi-tunisie/responsable-achats-societe-catering-mahras-222034
Responsable des Technologies de L´Information (TI) - Sousse,LOGIN CONSULTING,,Bac+5 et plus,Expérience entre 2 ans et 5 ans et plus,CDD,International,AUTOMATE - CSS - HTML - JAVASCRIPT - SHAREPOINT - WORDPRESS,29.11.2024,https://www.emploitunisie.com/offre-emploi-tunisie/responsable-technologies-information-ti-sousse-222092
ANGULAR Developer (M/F),AFRICASHORE,,Bac+3,Expérience entre 5 ans et 10 ans,"CDI, CDD - Freelance",Ariana - Béja - Ben Arous - Bizerte - Gabès - Gafsa - Jendouba,BOOTSTRAP - CSS3 - CVS - GIT - JAVASCRIPT - JQUERY - LESS - MVC - MYSQL - REST,29.11.2024,https://www.emploitunisie.com/offre-emploi-tunisie/angular-developer-mf-175079
DevOps Engineer (M/F),AFRICASHORE,,Bac+3,Expérience entre 5 ans et 10 ans,"CDI, CDD - Freelance",Ariana - Béja - Ben Arous - Bizerte - Gabès - Gafsa - Jendouba,AGILE - APACHE - ARTIFACTORY - AZURE - CVS - DOCKER - DYNATRACE - ECLIPSE - GIT - GITLAB - GROOVY - JAVA - JAVASCRIPT - JBOSS - JENKINS - JIRA - LESS - LINUX - ORACLE - POSTGIS - POSTGRESQL - PYTHON - SCRUM - SHELL - SONARQUBE - WEBLOGIC,29.11.2024,https://www.emploitunisie.com/offre-emploi-tunisie/devops-engineer-mf-175080
DOTNET Developer (M/F),AFRICASHORE,,Bac+3,Expérience entre 5 ans et 10 ans,"CDI, CDD - Freelance",Ariana - Béja - Ben Arous - Bizerte - Gabès - Gafsa - Jendouba,API - ASP - C# - CSS - CVS - DOTNET - FRONT END - HTML - HTTP - LINUX - MVC - MYSQL - NET - QUERY - REST - SOAP - SQL,29.11.2024,https://www.emploitunisie.com/offre-emploi-tunisie/dotnet-developer-mf-175081
IOS Developer (M/F),AFRICASHORE,,Bac+3,Expérience entre 5 ans et 10 ans,"CDI, CDD - Freelance",Ariana - Béja - Ben Arous - Bizerte - Gabès - Gafsa - Jendouba,AGILE - APP - COCOA - CVS - FOUNDATION - GIT - SWIFT - TMS,29.11.2024,https://www.emploitunisie.com/offre-emploi-tunisie/ios-developer-mf-175082
JAVA Developer (M/F),AFRICASHORE,,Bac+3,Expérience entre 5 ans et 10 ans,"CDI, CDD - Freelance",Ariana - Béja - Ben Arous - Bizerte - Gabès - Gafsa - Jendouba,AGILE - API - BOOTSTRAP - CONFLUENCE - CVS - GIT - GRAILS - GROOVY - GWT - HIBERNATE - HTML - JAVA - JAVASCRIPT - JENKINS - JIRA - JQUERY - JSF - MYSQL - ORACLE - REDIS - SPRING - STRUTS,29.11.2024,https://www.emploitunisie.com/offre-emploi-tunisie/java-developer-mf-175083
JAVA JEE Developer (M/F),AFRICASHORE,,Bac+3,Expérience entre 5 ans et 10 ans,"CDI, CDD - Freelance",Ariana - Béja - Ben Arous - Bizerte - Gabès - Gafsa - Jendouba,AGILE - ANGULAR JS - AZURE - BIG DATA - CASSANDRA - COUCHBASE - CSS - CVS - DOCKER - GIT - HADOOP - HIBERNATE - HTML - J2EE - JAVA - JAVA JEE - JAVASCRIPT - JBOSS - JENKINS - MAVEN - MVC - MYSQL - NOSQL - ORACLE - REDIS - REST - SOAP - SPARK - SPRING - SQL - STRUTS - WEBLOGIC,29.11.2024,https://www.emploitunisie.com/offre-emploi-tunisie/java-jee-developer-mf-175084
JAVASCRIPT Developer (M/F),AFRICASHORE,,Bac+3,Expérience entre 5 ans et 10 ans,"CDI, CDD - Freelance",Ariana - Béja - Ben Arous - Bizerte - Gabès - Gafsa - Jendouba,ANGULAR JS - API - BACKBONE JS - CSS - CVS - DOJO - HTML - JAVASCRIPT - JENKINS - JQUERY - MONGODB - ORACLE,29.11.2024,https://www.emploitunisie.com/offre-emploi-tunisie/javascript-developer-mf-175085
KOTLIN Developer (M/F),AFRICASHORE,,Bac+3,Expérience entre 5 ans et 10 ans,"CDI, CDD - Freelance",Ariana - Béja - Ben Arous - Bizerte - Gabès - Gafsa - Jendouba,AGILE - ANDROID - API - APP - AZURE - CVS - DNS - DOCKER - GIT - JAVA - JENKINS - LOAD BALANCING - MAC - MAVEN - MVVM - OPENSTACK - PAAS - SDK - TCP IP - TDD - UDP - XML,29.11.2024,https://www.emploitunisie.com/offre-emploi-tunisie/kotlin-developer-mf-175086
LARAVEL Developer (M/F),AFRICASHORE,,Bac+3,Expérience entre 5 ans et 10 ans,"CDI, CDD - Freelance",Ariana - Béja - Ben Arous - Bizerte - Gabès - Gafsa - Jendouba,AJAX - CODEIGNITER - CSS - CVS - GIT - HTML - JAVASCRIPT - JQUERY - LARAVEL - MARIADB - MVC - MYSQL - NOSQL - QUERY - SOAP - SQL - TFS,29.11.2024,https://www.emploitunisie.com/offre-emploi-tunisie/laravel-developer-mf-175087
NODE.JS Developer (M/F),AFRICASHORE,,Bac+3,Expérience entre 5 ans et 10 ans,"CDI, CDD - Freelance",Ariana - Béja - Ben Arous - Bizerte - Gabès - Gafsa - Jendouba,BOOTSTRAP - CSS3 - CVS - DOCKER - GIT - JAVASCRIPT - JIRA - JQUERY - JSON - LESS - MONGODB - MVC - MYSQL - NODE JS - NOSQL - POSTGRESQL - REACT - REDIS - REST - SQL - XML,29.11.2024,https://www.emploitunisie.com/offre-emploi-tunisie/nodejs-developer-mf-175088
OBJECTIVE-C Developer (M/F),AFRICASHORE,,Bac+3,Expérience entre 5 ans et 10 ans,"CDI, CDD - Freelance",Ariana - Béja - Ben Arous - Bizerte - Gabès - Gafsa - Jendouba,ANDROID - APP - COCOA - CSS - CVS - EDGE - GIT - HTML - JAVASCRIPT - JQUERY - JSON - LINUX - MAC - MERCURIAL - OSX - REST - SWIFT - XML,29.11.2024,https://www.emploitunisie.com/offre-emploi-tunisie/objective-c-developer-mf-175089
PHP Developer (M/F),AFRICASHORE,,Bac+3,Expérience entre 5 ans et 10 ans,"CDI, CDD - Freelance",Ariana - Béja - Ben Arous - Bizerte - Gabès - Gafsa - Jendouba,AJAX - API - CODEIGNITER - CSS3 - CVS - GIT - JAVASCRIPT - LARAVEL - MAGENTO - MERCURIAL - MONGODB - MVC - MYSQL - NOSQL - ORACLE - SQL - SYMFONY - XML - ZEND,29.11.2024,https://www.emploitunisie.com/offre-emploi-tunisie/php-developer-mf-175090
PYTHON Developer (M/F),AFRICASHORE,,Bac+3,Expérience entre 5 ans et 10 ans,"CDI, CDD - Freelance",Ariana - Béja - Ben Arous - Bizerte - Gabès - Gafsa - Jendouba,AGILE - API - CSS - CVS - DJANGO - HTML - PYTHON - SCRUM - SQL - TORNADO,29.11.2024,https://www.emploitunisie.com/offre-emploi-tunisie/python-developer-mf-175091
QA Tester (M/F),AFRICASHORE,,Bac+3,Expérience entre 5 ans et 10 ans,"CDI, CDD - Freelance",Ariana - Béja - Ben Arous - Bizerte - Gabès - Gafsa - Jendouba,AGILE - API - APP - CVS - JAVA - MAVEN - MYSQL - SCRUM - SELENIUM - SQL,29.11.2024,https://www.emploitunisie.com/offre-emploi-tunisie/qa-tester-mf-175092
REACT Developer (M/F),AFRICASHORE,,Bac+3,Expérience entre 5 ans et 10 ans,"CDI, CDD - Freelance",Ariana - Béja - Ben Arous - Bizerte - Gabès - Gafsa - Jendouba,BOOTSTRAP - CSS - CVS - GIT - JAVA - JAVASCRIPT - JQUERY - LESS - REACT,29.11.2024,https://www.emploitunisie.com/offre-emploi-tunisie/react-developer-mf-175093
RUBY ON RAILS Developer (M/F),AFRICASHORE,,Bac+3,Expérience entre 5 ans et 10 ans,"CDI, CDD - Freelance",Ariana - Béja - Ben Arous - Bizerte - Gabès - Gafsa - Jendouba,AGILE - CSS - CVS - DOCKER - GIT - HTML - JAVASCRIPT - JIRA - JQUERY - MONGODB - MYSQL - POSTGRESQL - RUBY ON RAILS,29.11.2024,https://www.emploitunisie.com/offre-emploi-tunisie/ruby-on-rails-developer-mf-175094
SWIFT Developer (M/F),AFRICASHORE,,Bac+3,Expérience entre 5 ans et 10 ans,"CDI, CDD - Freelance",Ariana - Béja - Ben Arous - Bizerte - Gabès - Gafsa - Jendouba,AGILE - CVS - GIT - MERCURIAL - REST - SCRUM - SWIFT,29.11.2024,https://www.emploitunisie.com/offre-emploi-tunisie/swift-developer-mf-175095
Test and Validation Engineer (M/F),AFRICASHORE,,Bac+3,Expérience entre 5 ans et 10 ans,"CDI, CDD - Freelance",Ariana - Béja - Ben Arous - Bizerte - Gabès - Gafsa - Jendouba,CVS - RHEL - SUSE,29.11.2024,https://www.emploitunisie.com/offre-emploi-tunisie/test-validation-engineer-mf-175096
Test Automation Engineer (M/F),AFRICASHORE,,Bac+3,Expérience entre 5 ans et 10 ans,"CDI, CDD - Freelance",Ariana - Béja - Ben Arous - Bizerte - Gabès - Gafsa - Jendouba,API - CVS - GIT - GITLAB - JAVASCRIPT - JENKINS - LINUX - MATRIX - MYSQL - ORACLE - PYTHON - SHELL - SQL,29.11.2024,https://www.emploitunisie.com/offre-emploi-tunisie/test-automation-engineer-mf-175097
UX / UI Designer (M/F),AFRICASHORE,,Bac+3,Expérience entre 5 ans et 10 ans,"CDI, CDD - Freelance",Ariana - Béja - Ben Arous - Bizerte - Gabès - Gafsa - Jendouba,AJAX - BOOTSTRAP - CSS - CVS - GIT - HTML - ILLUSTRATOR - JAVASCRIPT - PHOTOSHOP,29.11.2024,https://www.emploitunisie.com/offre-emploi-tunisie/ux-ui-designer-mf-175098
AWS Cloud Architect (M/F),AFRICASHORE,,Bac+3,Expérience entre 5 ans et 10 ans,"CDI, CDD - Freelance",Ariana - Béja - Ben Arous - Bizerte - Gabès - Gafsa - Jendouba,AGILE - ALM - BASH - CVS - DNS - DOCKER - HTTP - IOT - JENKINS - LOAD BALANCING - PUPPET - PYTHON - REACT - SCRUM - SSL,29.11.2024,https://www.emploitunisie.com/offre-emploi-tunisie/aws-cloud-architect-mf-175099
AWS Solutions Architect (M/F),AFRICASHORE,,Bac+3,Expérience entre 5 ans et 10 ans,"CDI, CDD - Freelance",Ariana - Béja - Ben Arous - Bizerte - Gabès - Gafsa - Jendouba,API - BIG DATA - CENTOS - CVS - DMS - DNS - DOCKER - HADOOP - HTTP - LINUX - RDS - SPARK - TALEND,29.11.2024,https://www.emploitunisie.com/offre-emploi-tunisie/aws-solutions-architect-mf-175100
AZURE Solutions Architect (M/F),AFRICASHORE,,Bac+3,Expérience entre 5 ans et 10 ans,"CDI, CDD - Freelance",Ariana - Béja - Ben Arous - Bizerte - Gabès - Gafsa - Jendouba,ACCESS - AGILE - ARM - AZURE - COSMOS - CVS - PAAS - REDIS - SHELL - SQL,29.11.2024,https://www.emploitunisie.com/offre-emploi-tunisie/azure-solutions-architect-mf-175101
Cloud Architect (M/F),AFRICASHORE,,Bac+3,Expérience entre 5 ans et 10 ans,"CDI, CDD - Freelance",Ariana - Béja - Ben Arous - Bizerte - Gabès - Gafsa - Jendouba,AGILE - API - ARM - AZURE - C# - COSMOS - CVS - LESS - NOSQL - PAAS - SQL - VM,29.11.2024,https://www.emploitunisie.com/offre-emploi-tunisie/cloud-architect-mf-175102
Cloud Computing and Virtualization Engineer (M/F),AFRICASHORE,,Bac+3,Expérience entre 5 ans et 10 ans,"CDI, CDD - Freelance",Ariana - Béja - Ben Arous - Bizerte - Gabès - Gafsa - Jendouba,AZURE - CVS - DOCKER - LINUX,29.11.2024,https://www.emploitunisie.com/offre-emploi-tunisie/cloud-computing-virtualization-engineer-mf-175103
Cloud Engineer (M/F),AFRICASHORE,,Bac+3,Expérience entre 5 ans et 10 ans,"CDI, CDD - Freelance",Ariana - Béja - Ben Arous - Bizerte - Gabès - Gafsa - Jendouba,API - ARM - BGP - CVS - IAM - PUPPET - PYTHON - RDS - REST,29.11.2024,https://www.emploitunisie.com/offre-emploi-tunisie/cloud-engineer-mf-175104
Cloud Microservices Architect (M/F),AFRICASHORE,,Bac+3,Expérience entre 5 ans et 10 ans,"CDI, CDD - Freelance",Ariana - Béja - Ben Arous - Bizerte - Gabès - Gafsa - Jendouba,ACCESS - AGILE - AZURE - CVS - DOCKER,29.11.2024,https://www.emploitunisie.com/offre-emploi-tunisie/cloud-microservices-architect-mf-175105
Cloud System Administrator (M/F),AFRICASHORE,,Bac+3,Expérience entre 5 ans et 10 ans,"CDI, CDD - Freelance",Ariana - Béja - Ben Arous - Bizerte - Gabès - Gafsa - Jendouba,AZURE - CENTOS - CVS - DOCKER - LINUX - PERL - PREMISE - PYTHON - REDHAT - VPN - WAN,29.11.2024,https://www.emploitunisie.com/offre-emploi-tunisie/cloud-system-administrator-mf-175106
Cloud System Integrator (M/F),AFRICASHORE,,Bac+3,Expérience entre 5 ans et 10 ans,"CDI, CDD - Freelance",Ariana - Béja - Ben Arous - Bizerte - Gabès - Gafsa - Jendouba,AGILE - CVS,29.11.2024,https://www.emploitunisie.com/offre-emploi-tunisie/cloud-system-integrator-mf-175107
Cyber Security Engineer (M/F),AFRICASHORE,,Bac+3,Expérience entre 5 ans et 10 ans,"CDI, CDD - Freelance",Ariana - Béja - Ben Arous - Bizerte - Gabès - Gafsa - Jendouba,CVS - ENDPOINT - IDEAL - JAVASCRIPT - PYTHON - VM,29.11.2024,https://www.emploitunisie.com/offre-emploi-tunisie/cyber-security-engineer-mf-175108
DATASTAGE Architect (M/F),AFRICASHORE,,Bac+3,Expérience entre 5 ans et 10 ans,"CDI, CDD - Freelance",Ariana - Béja - Ben Arous - Bizerte - Gabès - Gafsa - Jendouba,AZURE - CVS - DATASTAGE - INFORMATICA - J2EE - JAVA - MONGODB - ORACLE - SQL - TALEND,29.11.2024,https://www.emploitunisie.com/offre-emploi-tunisie/datastage-architect-mf-175109
GENESYS Architect (M/F),AFRICASHORE,,Bac+3,Expérience entre 5 ans et 10 ans,"CDI, CDD - Freelance",Ariana - Béja - Ben Arous - Bizerte - Gabès - Gafsa - Jendouba,BASH - CVS - GENESYS - JAVA - JAVASCRIPT - PAAS - POWERSHELL - PYTHON - VMWARE,29.11.2024,https://www.emploitunisie.com/offre-emploi-tunisie/genesys-architect-mf-175110
Network Architect (M/F),AFRICASHORE,,Bac+3,Expérience entre 5 ans et 10 ans,"CDI, CDD - Freelance",Ariana - Béja - Ben Arous - Bizerte - Gabès - Gafsa - Jendouba,BGP - CISCO - CVS - DHCP - DNS - ETHERNET - JUNIPER - MPLS - PYTHON - SNMP - TCP IP - WAN,29.11.2024,https://www.emploitunisie.com/offre-emploi-tunisie/network-architect-mf-175111
DBA IMS/DB2 Z/OS(H/F),AFRICASHORE,,Bac+3,Expérience entre 5 ans et 10 ans,"CDI, CDD - Freelance",Ariana - Béja - Ben Arous - Bizerte - Gabès - Gafsa - Jendouba,ASSEMBLEUR - COBOL - DB2 - FORTRAN - ISPF - JCL - SAS - SDSF - TCP IP - TSO - TWS - VSAM,29.11.2024,https://www.emploitunisie.com/offre-emploi-tunisie/dba-imsdb2-zoshf-175112
Z/OS System Engineer Senior Storage(H/F),AFRICASHORE,,Bac+3,Expérience entre 5 ans et 10 ans,"CDI, CDD - Freelance",Ariana - Béja - Ben Arous - Bizerte - Gabès - Gafsa - Jendouba,CICS - DB2 - IBM - JCL - MVS - TSO - VSAM - ZOS,29.11.2024,https://www.emploitunisie.com/offre-emploi-tunisie/zos-system-engineer-senior-storagehf-175113
Ingénieur Système Z/OS Middleware (H/F),AFRICASHORE,,Bac+3,Expérience entre 5 ans et 10 ans,"CDI, CDD - Freelance",Ariana - Béja - Ben Arous - Bizerte - Gabès - Gafsa - Jendouba,ASSEMBLEUR - COBOL - JAVA - LDAP - NETVIEW - TCP IP - TWS - VTAM,29.11.2024,https://www.emploitunisie.com/offre-emploi-tunisie/ingenieur-systeme-zos-middleware-hf-175114
Consultant SAP ABAP (H/F),AFRICASHORE,,Bac+3,Expérience entre 2 ans et 5 ans,CDI - Freelance,Ariana - Béja - Ben Arous - Bizerte - Gabès - Gafsa - Jendouba,ABAP - SAP,29.11.2024,https://www.emploitunisie.com/offre-emploi-tunisie/consultant-sap-abap-hf-183947
Consultant SAP FI-CO/PS (H/F),AFRICASHORE,,Bac+3,Expérience entre 2 ans et 5 ans,CDI - Freelance,Ariana - Béja - Ben Arous - Bizerte - Gabès - Gafsa - Jendouba,SAP,29.11.2024,https://www.emploitunisie.com/offre-emploi-tunisie/consultant-sap-fi-cops-hf-183948
Consultant SAP EHS (H/F),AFRICASHORE,,Bac+3,Expérience entre 2 ans et 5 ans,CDI - Freelance,Ariana - Béja - Ben Arous - Bizerte - Gabès - Gafsa - Jendouba,REACH - SAP,29.11.2024,https://www.emploitunisie.com/offre-emploi-tunisie/consultant-sap-ehs-hf-183949
Consultant SAP Senior (H/F) ,AFRICASHORE,,Bac+3,Expérience entre 2 ans et 5 ans,CDI - Freelance,Ariana - Béja - Ben Arous - Bizerte - Gabès - Gafsa - Jendouba,ABAP - SAP,29.11.2024,https://www.emploitunisie.com/offre-emploi-tunisie/consultant-sap-senior-hf-183950
Consultant SAP MM/SD/EWM/PP/QM/CAR (H/F),AFRICASHORE,,Bac+3,Expérience entre 2 ans et 5 ans,CDI - Freelance,Ariana - Béja - Ben Arous - Bizerte - Gabès - Gafsa - Jendouba,SAP,29.11.2024,https://www.emploitunisie.com/offre-emploi-tunisie/consultant-sap-mmsdewmppqmcar-hf-183951
Lead Développeur Java JEE (H/F),AFRICASHORE,,Bac+3,Expérience entre 5 ans et 10 ans,CDI - Freelance,Ariana - Béja - Ben Arous - Bizerte - Gabès - Gafsa - Jendouba,AGILE - CSS - ECLIPSE - HIBERNATE - HTML - JAVA - JAVA JEE - JAVASCRIPT - JENKINS - JUNIT - MAVEN - SPRING - UML,29.11.2024,https://www.emploitunisie.com/offre-emploi-tunisie/lead-developpeur-java-jee-hf-183952
"Customer Service Specialist On-site (English, French) - Prishtina",PECB GROUP INC.,,Bac+4,Débutant < 2 ans,CDI,Ariana - Béja - Ben Arous - Bizerte - Gabès - Gafsa - Jendouba,Brochures - Communication - Customer Service - NET - Vente,20.11.2024,https://www.emploitunisie.com/offre-emploi-tunisie/customer-service-specialist-on-site-english-french-prishtina-217643
"Job Opportunities At PECB In Kosova - On-site (French, English) - Prishtina",PECB GROUP INC.,,Bac+4,Débutant < 2 ans,CDI,Ariana - Béja - Ben Arous - Bizerte - Gabès - Gafsa - Jendouba,Brochures - Communication - Comptabilité - Finance - Gestion - Marketing - MICROSOFT - Traduction,20.11.2024,https://www.emploitunisie.com/offre-emploi-tunisie/job-opportunities-at-pecb-in-kosova-on-site-french-english-prishtina-217653
Directeur(trice) Qualité  - Casablanca,AFRICAWORK,,Bac+5 et plus,Expérience > 10 ans,CDI,International,Amélioration Continue - Gestion - Leadership - Management - Stratégie,31.10.2024,https://www.emploitunisie.com/offre-emploi-tunisie/directeurtrice-qualite-casablanca-214027
Agent de Saisie  - Ben Arous,TUNISIE INTERIM,,"Bac, Bac+1, Bac+2, Bac+3, Bac+4 & Bac+5 et plus","Etudiant, jeune diplômé et plus",CDD & Intérim,Ben Arous,Archivage - Assistanat - Comptabilité - Finance - Gestion - Secrétariat - WORD,25.10.2024,https://www.emploitunisie.com/offre-emploi-tunisie/agent-saisie-ben-arous-212119
Store manager - Kuwait,JOBSGLOBAL.COM,,"Qualification avant bac, Bac, Bac+1, Bac+2, Bac+3, Bac+4 & Bac+5 et plus","Etudiant, jeune diplômé et plus",CDD,International,Merchandising - Vente,24.10.2024,https://www.emploitunisie.com/offre-emploi-tunisie/store-manager-kuwait-211903
